S.N,ENGLISH NAME,NEPALI NAME,LON START,LON END,LAT START,LAT END,LENGTH in KM,BASE MAP
1,Adha Khola,अधा खोला,85 10,85 6,28 8,28 11,11.1,2885 13
2,Adheri Khola,अधेरी खोेला,83 25,83 25,27 52,27 54,3.4,2783 02D
3,Adhi Khola,आधी खोला,83 47,83 45,28 0,27 59,4.8,2783 04A
4,Agarchhu Khola,अगार्हु खोला,83 54,83 57,29 19,29 18,7.15,2983 12D
5,Agi Khola,अगी खोला,82 53,82 26,27 47,27 41,17.7,2782 08B
6,Aglun khola,अग्लुङ खोला,83 3,83 2,28 12,28 3,3.1,2883 13A
7,Agri Khola,आग्री खोला,84 20,84 20,27 46,27 45,2.3,2784 02C
8,Airi khola,ऐरी खोला,83 1,83 0,28 9,28 8,2.75,2883 13A
9,Aiselu Khola,एेंसेलु खोला,84 37,84 37,27 58,27 57,1.75,2784 03A
10,Alaichi Khola,अलैची खोेला,83 23,83 22,27 54,27 53,2.3,2783 02D
11,Altar Khola,अल्तर खोला,84 30,84 31,28 8,28 6,4.75,2884 15C
12,Am sota,आम सोता,82 38,82 38,27 44,27 43,2.77,2782 07B
13,Amaka Khola,अमका खोला,84 5,84 0,29 6,29 8,9.3,2984 13
14,Amarke Khola,अमरेखोला,,,,,6.4,2883 06
15,Ambote Khola,आमबोटे खोला,84 25,84 25,28 2,28 1,1.6,2884 14D
16,Amile Khola,अमिले खोला,83 0,83 0,27 54,27 53,2.35,2783 01C
17,Amja Khola,अमजा खोला,83 14,83 15,27 51,27 51,2.35,2783 02A
18,Andheri Khola,अँधेरी खोला,83 41,83 40,28 29,28 29,3.65,2883 11B
19,Andheri Kola,अँधेरी खोला,84 38,84 37,28 10,28 0,1.75,2884 15A
20,Andheri+Khahare Khola,अधेरी+खहरे खोला,83 49,83 53,28 17,28 16,8.05,2883 12C
21,Andheri+Thulo Khola,अँधेरी+ठलो खोला,83 30,83 31,28 14,28 15,2.65,2883 15A
22,Andhi Khola,आँधी खोला,83 38,83 35,27 57,27 59,6.4,2783 03A
23,Andhi Khola,आँधी खोला,83 46,83 52,28 10,28 8,13.4,2883 16A
24,Andhi+Andha Khola,अन्धी+अन्धा खोला,83 45,83 46,28 10,28 10,3.35,2883 16A
25,Ankhu Khola,अाँखु खोला,85 0,84 55,28 5,28 0,-,2784 16
26,Antar Khola,अन्तर खोला,84 42,84 44,27 54,27 55,3.9,2784 03B
27,Apchaur Khola,आपचौर खोला,-,-,-,-,5.4,2784 05B
28,Apeng Khola,अपेङ खोला,84 44,84 43,84 8,28 7,2.4,2884 15D
29,Aphal Khola,आफल खोला,-,-,-,-,-,2784 16
30,Apu Khola,अपु खोला,84 10,28 8,28 8,28 8,4.1,2884 13B
31,Araudi Khola,अरौंदी खोला,83 13,83 12,28 10,28 8,6.6,2883 13B
32,Are Khola,आरे खोला,83 41,83 42,27 43,27 41,4.15,2783 07B
33,Argaundi+Anguwa+ Modi Khola,अरगाँउदी+अँगुवा+मोदी खोला,83 40,83 41,28 6,28 4,6.15,2883 15D
34,Arghaudi Khola,अर्घौदी खोला,83 46,83 46,28 8,28 7,2.55,2883 16C
35,Arjal Khola,अर्जल खोला,82 55,82 52,28 42,28 41,5.9,2882 08
36,Arje Khola,अर्जे खोला,83 10,83 9,28 12,28 9,6.15,2883 13B
37,Arkan Khola,र्अकान खोला,83 7,83 7,28 4,28 6,5.45,2883 13D
38,Arkhet Khola,अर्खेत खोला,84 47,84 50,28 8,28 6,7.3,2784 16
39,Armadi Khola,अरमादि खोला,83 52,83 47,27 59,27 59,9.25,2783 04A
40,Arman Khola,अर्मान खोला,83 26,83 26,28 21,28 23,4,2883 10D
41,Arra Khola,अर्रा नाला,82 41,82 45,27 45,27 38,21.72,2782 07B
42,Arra Nala,अर्रा नाला,82 44,82 45,27 39,27 34,14.27,2782 08C
43,Arsyangdi Khola,अस्र्याङदी खोला,84 16,84 18,27 45,27 54,3.7,2784 02A
44,Aru Khola,आरु खोला,82 57,82 59,27 58,27 59,4.4,2782 03D
45,Arubari Khola,आरुवारी खोला,-,-,-,-,1.9,2883 06
46,Arubote Khola,आरुबोटे खोला,84 20,84 19,27 56,27 58,3.4,2784 02A
47,Arun Khola,अरुण खोला,83 58,83 58,27 38,27 33,8.6,2783 08D
48,Aul Khola,औल खोला,83 38,83 36,28 25,28 24,2.45,2883 11A
50,Babu Khola,बाबुल खोला,82 55,82 55,27 46,27 41,14.52,2782 08B
51,Bachchha Khola,बाच्छा खोला,83 38,83 37,28 6,28 7,1.85,2883 15C
52,Bad Khola,बद खोला,84 9,84 8,27 38,27 36,-,2784 05D
53,Bad Khola,बड खोला,83 16,83 16,28 1,27 59,5.5,2783 02A
54,Badahare Khola,बडहरे खोला,84 49,84 49,27 51,27 49,5.15,2784 04C
55,Badare Khola,बडरे खोला,84 8,84 7,28 7,28 7,2.15,2884 13C
56,Badh Khola,बाढ खोला,83 57,83 53,28 7,28 6,9.6,2883 16D
57,Badi Gad,वाडी गार्ड,83 13,83 15,28 15,28 13,5.8,2883 13B
58,Badi Gad Khola,बडी गाड खोला,83 23,83 27,28 3,28 0,11.45,2883 14D
59,Badi Khola,बादी खोला,83 37,83 39,27 52,27 52,4.4,2783 03D
60,Badigad Khola,वडीगाड खोला,83 27,83 29,28 0,27 58,5.2,2783 02B
61,Bagada Khola,बगडा खोला,-,-,-,-,4.2,2784 05B
62,Bagadi Khola,बगादी खोला,84 3,84 3,28 10,28 9,3.4,2884 13A
63,Bagaha Khola,बगहा खोला,83 14,83 16,28 1,27 59,6.35,2783 02A
64,Bagali Khola,बगाली खोला,83 19,83 18,27 54,27 56,3.4,2783 02A
65,Bagandi Khola,बगन्दी खोला,84 24,84 26,27 48,27 48,3.6,2784 02D
66,Bagar Khola,बगर खोला,83 35,83 32,28 35,28 30,-,2883 07
67,Bage Khola,बागे खोला,82 43,82 42,27 53,27 51,3.22,2782 03D
68,Bagh Khola,बाघ खोला,83 42,83 44,27 42,27 41,4.05,2783 07B
69,Baghar Khola,बाघर खोला,84 57,84 59,28 7,28 4,-,2784 16
70,Baghela River,बघेला नदी,83 34,83 33,27 28,-,24.85,2783 11A
71,Bagraha Khola,बग्राहा खोला,82 41,82 42,27 45,27 43,3.25,2782 07B
72,Baguwa Khola,बगुवा खोला,84 56,84 56,28 5,28 1,-,2784 16
73,Baha Khola,बाहा खोला,83 10,83 14,27 55,27 55,8,2783 01B
74,Bahar Khola,बहर खोला,83 14,83 14,27 54,27 55,1.1,2783 01B
75,Bahi Khola,बाही खोला,84 41,84 44,27 58,27 57,7.3,2784 03B
76,Baidi Khola,बैदी खोला,83 50,83 52,28 7,28 7,4.85,2883 16C
77,Baira Khola,बैरा खोला,84 17,84 18,27 55,27 54,4.3,2784 02A
78,Baje Khola,बाजे खोला,83 50,83 51,28 18,28 16,3.7,2883 12C
79,Bajeri Khola,बजेरी खोला,83 12,83 13,28 2,28 2,1.4,2883 13D
80,Bakarlok Khola,बकरलोक खोला,84 38,84 38,27 59,27 57,4.4,2784 03B
81,Bakhre+Gur Gad Khola,बाख्रे+गुरगाड खोला,83 7,83 8,28 36,28 30,13.3,2883 05
82,Bakram Khola,बक्राम खोला,82 48,82 49,27 45,27 41,6.97,2782 08A
83,Balban Khola,वलवान खोला,83 1,83 2,28 23,28 24,2.9,2883 09A
84,Balhor Dundra,बलहोर दुन्द्रा,83 6,83 4,-,27 37,8.5,2783 05A
85,Bamdi Khola,बम्दी खोला,83 40,83 39,28 1,28 2,3.8,2883 15D
86,Bampan Danda,वामपान खोला,84 2,84 2,28 4,28 2,3.2,2884 13C
87,Bamsran Khola,बमश्राङ खोला,83 26,83 29,27 50,27 49,6.1,2783 02D
88,Bamuhi Nala,बमुही नाला,83 42,83 41,27 39,27 34,12.3,2783 07D
89,Ban Khola,बन खोला,84 9,84 8,27 38,27 37,-,2784 05D
90,Banaganga River,बानगङ्गा नदी,82 58,82 59,27 36,27 40,6.17,2782 08D
92,Banganga Khola,वाणगङ्गा खोला,83 5,83 7,27 52,27 50,4.7,2783 01C
93,Banganga R,बाङगङ्गा नदी,82 59,82 57,27 31,27 28,11.6,2782 12B
94,Banganga River,वाणगङ्गा नदी,83 7,83 1,27 40,27 34,19.2,2783 05A
95,Bange Khola,बाङ्गे खोला,83 0,83 0,28 6,28 7,3.9,2785 06D
96,Bangi Khola,बाङगी खोला,83 8,83 8,28 1,27 59,5.1,2783 01B
97,Banjari Khola,बनजारी खोला,82 59,83 0,28 18,28 17,1.7,2882 12D
98,Bansare Khola,वन्सरे खोला,84 25,84 27,28 14,28 14,3.85,2884 14B
99,Bansiri Khola,वनसिरी खोला,83 5,83 2,27 54,27 54,5,2783 01C
100,Banskot Khola,बाँस्कोट खोला,83 13,83 13,28 20,-,4.45,2883 09D
101,Banstare,वाँसटारे,83 51,83 52,28 3,28 2,4.15,2883 16C
102,Bar Khola,बार खोला,84 23,84 25,27 48,27 51,7.4,2784 02D
103,Bara Khola,बारा खोला,83 23,83 25,28 16,28 18,5.05,2883 10D
104,Barabise Khola,बाहृबिसे खोला,83 30,83 29,27 51,27 49,3.4,2783 02D
105,Baraha,वरह,83 51,83 52,28 4,28 2,3.7,2883 16C
106,Baraha Khola,बराह खोला,83 55,83 55,28 5,28 2,7.85,2883 16D
107,Barangdi Khola,बराङदी,83 33,83 32,27 53,27 56,6.5,2783 03A
108,Barban Khola,बर्बन खोला,84 38,84 68,27 51,27 52,1.9,2784 03D
109,Bardi Khola,बार्दी खोला,84 10,84 10,28 17,28 15,3.85,2884 09D
110,Barha Bhauji+Ghorahi Nala,ब¥हा भउजी+घोराही नाला,83 1,83 1,27 41,27 34,10.4,2783 05A
111,Barsa Khola,बर्षा खोला,84 21,84 21,27 47,27 45,6.2,2784 02C
112,Barse Khola,बर्से खोला,83 8,83 8,28 35,28 32,7.2,2883 05
113,Barulwa Khola,बरुल्वा खोला,83 8,83 9,27 34,27 27,13.5,2783 05D
114,Baruwa Khola,बरुवा खोला,84 26,84 25,27 54,27 53,3.6,2784 02B
115,Bas Khola,बास खोला,83 47,83 45,27 36,27 34,5.45,2783 08C
116,Basari Khola,बसारी खोला,83 16,83 17,28 3,28 1,5.4,2883 14C
117,Basure+Aul Khola,बासुरे+औल खोला,83 41,83 38,28 23,28 24,6.8,2883 11B
118,Batai Khola,वोटाई खोला,84 32,84 33,28 8,28 7,2.65,2884 15C
119,Batule+Suridi Khola,बाटुले सुरुदी खोला,83 30,83 32,27 52,-,7.35,2783 03C
121,Bauharwa Khola,बौहर्वा खोला,82 42,82 43,27 46,27 49,7.82,2782 03D
122,Baulaha Khola,बौलाहा खोला,84 32,84 31,28 10,28 11,2.5,2884 15A
123,Baurba Khola,बउर्वा खोला,83 23,83 23,27 44,27 41,8.3,2783 06B
124,Baya Khola,बाय खोला,82 46,82 46,28 0,27 59,2.67,2782 04A
125,Bayali Dhuri,वयाली धुरी,83 1,-,28 28,-,-,2883 09A
126,Beden Khola,बेडेन खोला,83 22,83 21,28 10,28 12,4.65,2883 14A
127,Beg Khola,बेग खोला,83 35,83 36,28 29,28 26,7.2,2883 11A
128,Bel Khola,बेल खोला,82 53,82 55,27 47,27 40,16.02,2782 08B
129,Bel River,बेल नदी,82 55,82 58,27 40,27 36,16.7,2782 08D
130,Beldiya Khola,बेल्डिया खोला,84 6,84 6,27 3,27 0,8.6,2784 06A
131,Beli Khola,बेली खोला,-,-,-,-,2.75,2883 10A
132,Belwa Gurudwa Nala,बेल्वा गुरुद्वा नाला,82 60,82 59,27 41,27 37,11.7,2783 05A
133,Belwa Gurudwa River,बेल्वा गुर्दवा नदी,82 59,82 58,27 38,27 36,7.85,2782 08D
134,Beni Khola,वेनी खोला,84 38,84 36,28 0,28 1,3.15,2884 15C
135,Beruwa Khola,बेरुवा खोला,83 31,83 31,27 42,27 41,3.25,2783 07A
136,Bet Khola,बेत खोला,83 25,83 23,28 11,28 12,4,2883 14B
137,Betani Khola,वेतनी खोला,83 55,83 54,28 15,28 14,1.9,2883 16B
138,Beteni Khola,बेतेनी खोला,84 18,84 17,28 5,28 3,3.4,2884 14C
139,Beteni+Gulangdi Khola,बेतेनी+गुलाङ्दी खोला,83 30,83 34,28 5,28 4,7.25,2883 15C
140,Betini Khola,बेतेनी खोेला,83 27,83 26,27 52,27 53,2,2783 02D
141,Betini+ Laun Khola,बेतेनी+लौन खोेला,83 25,83 26,27 52,27 53,2.8,2783 02D
142,Bhabil Khola,भाबिल खोला,85 9,85 9,28 16,28 15,3.7,2885 09
143,Bhachhok Khola,बाच्छोक खोला,84 3,84 23,28 15,28 14,1.3,2884 14B
144,Bhadri Khola,भर्दी खोला,83 7,83 8,27 59,27 59,1.75,2783 01B
145,Bhaerbonga Khola,भएरबोङ्गा खोला,83 10,83 12,28 25,28 24,3.75,2783 09B
146,Bhage Khola,भागे खोला,85 9,85 13,28 4,28 2,6,2885 13
147,Bhagi Khola,भागी खोला,83 14,83 13,28 19,-,4.5,2883 09D
148,Bhainsikharka Khola,भैंसीखर्क खोला,83 9,83 8,28 23,-,2.7,2883 09D
149,Bhakro Khola,भाक्रो खोला,84 17,84 19,27 47,27 47,3.5,2784 02C
150,Bhalam Khola,भलाम खोला,84 20,84 22,28 15,28 16,3,2884 10C
151,Bhalaudi Khola,भलाउदी खोला,83 56,83 59,28 26,28 23,8,2883 12B
152,Bhalawai Khola,भलवाइ खोला,84 14,84 15,27 31,27 32,-,2784 05D
153,Bhalechuli Khola,भालुचुली खोला,-,-,-,-,2.6,2883 06
154,Bhalu Khola,भालु खोला,80 45,82 45,27 47,27 49,4.07,2782 03D
155,Bhaluhi Khola,भालुही खोला,83 34,83 33,27 41,27 38,7.9,2783 07C
156,Bhaluhi River,भलुही नदी,83 43,83 42,27 34,-,11.4,2783 11B
157,Bhang Khola,भाङ खोला,83 53,83 53,28 20,28 20,1.95,2883 12D
158,Bhangari Khola,भँगरी खोला,83 45,83 46,28 10,28 10,2.5,2883 16A
159,Bhangere Khola,भङ्गेरे खोला,83 52,83 55,28 12,28 11,4.65,2883 16B
160,Bhangte Khola,भाङटे खोला,84 48,84 49,27 51,27 49,5.75,2784 04C
161,Bhanjyang Khola,भञ्ज्याङ खोला,84 4,84 4,28 7,28 7,2.05,2884 13C
162,Bharhung Khola,भार्हुङ खोला,83 21,83 15,29 0,28 52,27.6,2883 02
163,Bharladi Khola,भर्लादी खोला,84 18,84 19,27 53,27 54,4.4,2784 02A
164,Bharlangdi Khola,भरलङ्गदी खोला,-,-,-,-,6.2,2784 05B
165,Bharma Khola,भर्मा खोला,83 40,83 39,28 1,28 2,3.65,2883 15D
166,Bharse+Terse Khola,भर्से+तेर्से खोला,83 27,83 23,28 4,28 3,9.85,2883 14D
167,Bharyang Khola,भ¥याङ खोला,-,-,-,-,-,2884 15A
168,Bhatani Khola,भटनी खोला,82 48,82 48,27 39,27 34,12.5,2782 08C
169,Bhateri Khola,भतेरी खोला,84 20,84 19,27 46,27 46,1.4,2784 02C
170,Bhaurisal Khola,भौरीसाल खोला,82 40,82 40,27 45,27 43,5.77,2782 07B
173,Bhedikhor Khola,भेडीखोर खोला,83 19,83 16,28 21,28 19,8.25,2883 10C
174,Bherol + Kyalungpa Khola,भेरोल र क्यालुङपा खोला,83 34,83 45,28 56,28 54,23.3,2883 03
175,Bhim Khola,भिम खोला,83 20,83 15,28 20,28 17,14.6,2883 10C
176,Bhimdang Glacier,भिमदाङ हिमताल,84 24,84 24,28 43,28 34,14.5,2884 06
177,Bhing Khola,भिङ खोला,83 15,83 11,28 17,-,9.5,2883 09D
178,Bhingri Khola,भिङग्री खोला,82 48,82 48,27 58,28 0,3.62,2782 04A
179,Bhirtiban Khola,भित्रीवन खोला,-,-,-,-,5.2,2883 10A
180,Bhitriban Khola,भित्रीवन खोला,-,-,-,-,2.7,2883 06
181,Bhomli Khola,भोम्ली खोला,83 4,83 4,28 15,28 16,2.05,2883 09C
182,Bhorle Khola,भोर्ले खोला,84 27,84 30,27 48,27 49,3,2784 02D
183,Bhorle+Chaudilla Khola,भोर्ले+चौडिल्ला खोला,83 42,83 42,28 7,28 5,6.9,2883 15D
184,Bhoti Khola,भोटी खोला,84 6,84 7,27 5,27 1,11.6,2784 06A
185,Bhrange Khola,भ्राङ्गे खोला,85 22,85 15,28 19,28 18,8.9,2885 09
186,Bhugdi Khola,भुग्दी खोला,83 23,83 25,28 8,28 7,4.1,2883 14D
187,Bhugdi+Hugdi Khola,भुग्दी+हुग्दी खोला,83 25,83 23,28 8,28 5,9.75,2883 14D
188,Bhuji Khola,भुजी खोला,83 8,83 10,28 23,-,5.9,2883 09D
189,Bhukurigan Khola,भुकुरीगाँ खोला,82 58,82 56,28 32,28 31,4.3,2882 08
190,Bhumdi Khola,भुम्दी खोला,83 49,83 51,27 57,27 55,5.45,2783 04A
191,Bhumdi+Lekhani Khola,भुम्दी+लेखानी खोला,83 31,83 31,28 12,28 15,6.2,2883 15A
192,Bhurho Khola,भुर्हो खोला,84 23,84 34,28 5,28 3,4.6,2884 15C
193,Bhurjung Khola,भुर्जुङ खोला,84 0,83 57,28 20,28 18,7.75,2883 12D
194,Bhurung Khola,भुरुङ खोला,83 38,83 39,28 30,28 30,3.45,2883 11B
195,Bhurungdi Khola,भुरुङदी खोला,83 46,83 45,28 25,28 23,4,2883 12A
196,Bhusundi Khola,भुसुङदी खोला,84 34,84 35,28 3,28 8,5.55,2884 15C
197,Bhut Khola,भतू  खोला,84 3,84 2,27 37,27 35,-,2784 05C
198,Bhutte Khola,भुत्ते खोला,84 35,84 34,27 56,27 56,2.6,2784 03A
199,Bihu Khola,बिहु खोला,83 30,83 31,28 16,28 16,2.05,2883 11C
200,Bihun Khola,बिहुँ खोला,83 28,83 30,28 16,28 16,3.2,2883 10D
201,Bijayapur Khola,विजयपुर खोला,84 4,84 2,28 15,28 9,15,2884 13A
202,Bijaypur Khola,विजयपुर खोला,84 2,84 4,28 16,28 15,3.15,2884 09C
203,Bimrathe Khola,बिम्राठे खोला,83 46,83 46,28 11,28 10,2.4,2883 16A
204,Binai Khola,बिनै खोला,83 45,83 52,27 41,27 36,21.3,2783 08C
205,Binayi Khola,बिनयी खोला,83 40,83 44,27 43,27 41,10,2783 07B
206,Bir Khola,विर खोला,83 49,83 47,28 3,28 1,6.05,2883 16C
207,Birali Khop Khola,बिराली खोप खोला,84 50,84 52,27 52,27 52,3,2784 04C
208,Birdi Khola,वर्दी खोला,84 12,84 13,28 8,28 8,1.9,2884 13B
209,Biruwa Khola,बिरुवा खोला,84 49,84 51,27 51,27 50,3,2784 04C
210,Biso Khola,बिसो खोला,82 45,82 46,27 45,27 41,9.25,2782 08A
211,Bodane Khola,बोदने खोला,82 51,82 51,27 57,27 55,3.62,2782 04A
212,Bohore Khola,बोहोरे खोला,84 30,84 9,28 4,28 4,1.8,2884 14D
213,Boke Khola,बोके खोला,83 39,83 39,28 1,28 2,3.15,2883 15D
214,Bokse Khola,वोकसे खोला,84 35,84 34,28 4,28 3,3.3,2884 15C
215,Borang Khola,बोराङ खोला,84 31,84 32,28 8,28 8,3.3,2884 15A
216,Bordhan Khola,बोर्धन खोला,84 21,84 18,28 1,28 1,4.45,2884 14C
217,Bote Khola,बोटे खोला,83 17,83 16,28 3,28 1,4.5,2883 14C
218,Boyang Khola,बोयाङ खोला,83 6,83 5,27 54,27 52,5,2783 01C
219,Budhare Khola,वुधरे खोला,83 42,83 41,27 52,27 50,2.7,2783 03D
220,Budhi Gandaki Nadi,बुढी गण्डकी नदी,84 38,84 45,28 39,28 34,15.7,2884 07
221,Budhi Khola,बुढी खोला,82 44,82 45,27 47,27 49,4.75,2782 03D
222,Budhi Khola,बुढी खोला,83 53,83 54,28 4,28 2,4,2883 16D
223,Budhigandaki Nadi,बुढीगण्डकी नदी,84 53,84 48,28 15,28 0,32.3,2784 16
224,Budhi-Gandaki Nadi,बुढी गण्डकी नदी,84 45,84 45,27 58,27 53,11.6,2784 03B
225,Budho Khola,बुढो खोला,84 20,84 19,28 6,28 6,3.5,2884 14C
226,Budi Gandaki Nadi,बुढी गण्डकी नदी,84 48,84 45,28 0,27 58,8.4,2784 04A
227,Bukeni Khola,बुकेनी खोला,83 27,83 29,28 20,28 21,4.4,2883 10D
228,Bukuri Khola,बुकुरी खोला,-,-,-,-,2.7,2883 06
229,Buldi Khola,बुल्दीे खोला,84 19,84 17,28 0,27 58,8.8,2784 02A
230,Bumdi Khola,बुम्दी खोला,83 46,83 46,27 56,27 55,3.5,2783 04A
231,Bumle Khola,वुम्ले खोला,84 8,84 8,28 15,28 15,5.35,2884 13B
232,Bungchi,वुङची खोला,83 3,83 0,27 53,27 53,6.5,2783 01C
233,Bungchun Khola,बुङचुङ खोला,84 49,84 51,27 51,27 51,5.9,2784 04C
234,Bunge Khola,बुङ्गे खोला,83 37,83 38,28 5,28 6,3.45,2883 15C
235,Burlung Khola,बुर्लुङ खोला,84 45,84 49,28 2,28 1,8.1,2784 16
236,Buwa Khola,बुबा खोला,84 14,84 12,28 56,29 0,8.2,2884 01
237,Byar Khola,व्यार खोला,84 3,84 4,28 8,28 7,2.55,2884 13C
238,Byaure Khola,ब्याउरे खोला,84 21,84 22,28 2,28 2,3.75,2884 14C
239,Chaka Khola,चाका खोला,84 8,84 2,29 6,29 10,15.5,2984 13
240,Chalbang Khola,चालबाङ खोला,82 54,82 53,28 26,28 23,10,2882 12B
241,Chama Khola,चामा खोला,84 55,84 53,28 12,28 12,5.2,2784 16
242,Chamaka Khola,चमका खोला,84 21,84 22,27 48,27 47,3.7,2784 02C
243,Chameli Khola,चमेली खोला,-,-,-,-,2.8,2883 06
244,Chamero Khola,चमेरो खोला,83 14,83 13,28 16,-,4.35,2883 09D
245,Chamuwa Khola,चमुवा खोला,83 28,83 26,28 11,28 13,5.4,2883 14B
246,Chanaute Khola,चनौरे खोला,84 35,84 32,27 57,27 55,4.45,2784 03A
247,Chane Khola,चाने खोला,83 46,83 49,28 22,28 22,5.6,2883 12C
248,Changje Khola,चाङजे खोला,84 5,84 3,28 55,28 56,5.2,2884 01
249,Changli Glacier,चाङली हिमताल,84 29,84 28,28 34,28 36,7.3,2884 06
250,Changmam Khola,चङमाम खोला,85 3,85 7,28 38,28 37,7.1,2785 05
251,Charang Khola,चराङ खोला,83 55,83 57,29 6,29 4,4.95,2983 16A
252,Charaudi Khola,चरौदी खोला,84 46,84 45,27 47,27 48,3.55,2784 04C
253,Chardi Khola,चार्दी खोला,84 16,84 16,28 8,28 6,4.5,2884 14C
254,Charipani Khola,चरिपानी खोला,82 57,82 55,28 24,28 23,3,2882 12B
255,Chaudi Khola,चुउदी खोला,83 28,83 27,28 15,28 13,5.65,2883 14B
256,Chaudung+Phedi Khola,चाउदुङ+फेदी खोला,83 56,83 53,28 10,28 9,4.65,2883 16B
257,Chaur Khola,चौर खोला,83 36,83 37,28 8,28 7,2.9,2883 15C
258,Chaurban Khola,चौरवन खोला,-,-,-,-,2.9,2883 06
259,Chautari Khola,चौतारी खोला,84 37,84 37,27 54,27 53,2.15,2784 03A
260,Chauwa Khola,चौवा खोला,83 11,83 11,28 1,27 60,3.2,2783 01B
261,Chelbang Khola,चेलबाङ खोला,82 56,82 58,28 24,28 26,4.85,2882 12B
262,Chepe Khola,चेपे खोला,84 39,84 39,28 19,28 15,9,2884 11
263,Chhabdi Khola,छाब्दी खोला,84 22,84 17,27 58,27 58,10.3,2784 02A
264,Chhahare Khola,छहरे खोला,84 27,84 24,28 30,28 27,10.3,2884 10B
265,Chhahari Khola,छहारी खोला,83 49,83 49,28 7,28 6,2.8,2883 16C
266,Chhala Khola,छाला खोला,83 8,83 8,28 3,28 3,1.45,2883 13D
267,Chhaldi Khola,छाल्दी खोला,83 14,83 19,28 7,28 7,12.55,2883 14C
268,Chhalkhun Khola,छलखुन खोला,85 8,85 8,28 2,28 0,5.4,2885 13
269,Chhanga Khola,छाँगा खोला,84 21,84 20,27 57,27 58,2.2,2784 02A
270,Chhangdi Khola,छाङदी खोला,84 30,84 28,28 18,28 15,6.1,2884 10D
271,Chhap Khola,छाप खोला,85 2,85 0,28 0,28 2,5.6,2885 13
272,Chhapardanda,छापरडाँडा,83 44,-,27 54,-,-,2783 03B
273,Chhape Khola,छापे खोला,82 58,82 57,28 0,27 60,0.975,2782 03D
274,Chhapka Khola,छाप्का खोला,82 46,82 52,28 45,28 44,2.9,2882 08
275,Chharchhare+ Rati Khola,छरछरे+राती खोला,83 49,83 45,28 15,28 16,9.35,2883 12C
276,Chharchhare+Hang Khola,छरछरे+हाङ खोला,83 44,83 45,28 2,28 2,2.7,2883 15D
277,Chharchharek Khola,छरछरे खोला,84 19,84 19,27 48,27 49,2.3,2784 02C
278,Chhargandi Khola,छरगण्डी खोला,84 49,84 45,27 54,27 50,9.9,2784 04A
279,Chhari Khola,छारी खोला,-,-,-,-,5.3,2883 06
280,Chhedewa Khola,छेदेवा खोला,84 14,84 13,28 19,28 16,4.6,2884 09D
281,Chhedi Khola,छेदी खोला,83 9,83 10,28 1,28 0,3.15,2783 01B
282,Chheldek Khola,छेल्देक खोला,83 23,83 23,28 19,28 20,1.5,2883 10D
283,Chhepyo Khola,छेपयो खोला,83 52,83 53,26 30,28 28,2.8,2883 12A
284,Chheranga+Kabhr Khola,छृरङज + काभ्रा खोला,84 22,84 18,27 49,27 49,7.1,2784 02C
285,Chhere Khola,छेरे खोेला,84 5,84 16,28 15,28 14,-,2884 14A
286,Chhichha Khola,छिच्छा खोला,84 45,84 44,28 13,28 13,1.7,2884 15B
287,Chhidi Khola,छिदी खोला,83 17,83 15,28 60,28 58,4.5,2883 02
288,Chhikyu Toppo Khola,छिक्यु टोप्पो खोला,84 5,84 1,29 12,29 13,8,2984 13
289,Chhilung Khola,छिलुङ खोला,84 46,84 54,28 23,28 26,0.2,2884 12
290,Chhin Khola,छिन खोला,84 26,84 25,28 9,28 20,607,2884 10D
291,Chhincho Khola,छिन्चो खोला,8 1,83 49,28 57,28 54,9.1,2883 04
292,Chhirkha Khola,छिर्खा खोला,83 13,83 14,27 34,27 31,6.85,2783 05D
293,Chhit Khola,छिते खोला,83 49,83 48,27 56,27 53,6.75,2783 04A
294,Chhomrong Khola,छोम्रोङ खोला,83 51,83 50,28 30,28 25,10.1,2883 12A
295,Chhote Khola,छोटे खोला,84 32,84 31,28 14,28 15,3.35,2884 15A
296,Chhuchhu Gumba+Parung Khola,छुछु गुम्बा+परुङ खोला,84 5,84 0,29 11,29 9,10,2984 13
297,Chhukrin Khola,छुक्रिन खोला,83 16,83 17,28 45,28 52,13.8,2883 02
298,Chhupchung Khola,छुुपचुङ खोला,85 14,85 15,28 15,28 14,2.9,2885 13
299,Chhusung+Chiprung Khola,छिसुङ+चिप्रुङ खोला,84 6,84 5,29 15,29 11,8.8,2984 13
300,Chhyosin Glacier,छयोसिङ हिमनदी,85 5,-,28 36,-,-,2785 05
301,Chidika Khola,चिदिका खोला,83 16,83 18,27 58,27 57,4.35,2783 02A
302,Chilli Khola,तली खोेला,84 32,84 33,28 10,28 8,6.6,2884 15A
303,Chimchime Khola,चिमचिमे खोला,82 39,82 40,27 45,27 45,2.32,2782 07B
304,Chimehime Khola,चिमेहिमे खोला,82 42,82 39,27 46,27 45,7.05,2782 03D
305,China Khola,चिना खोला,84 20,84 20,28 36,28 32,7.7,2884 06
306,Chindi Khola,चिन्डी खोला,84 21,84 18,27 50,27 49,6.6,2784 02C
307,Chiple Khola,चिप्ले खोला,-,-,-,-,2.8,2784 05B
308,Chipleti+Betane khola,चिप्लेटी+बेटाने खोला,83 1,83 2,28 9,28 8,3.5,2883 13A
309,Chipli Khola,चिप्ली खोला,84 3,84 5,28 21,28 20,-,2884 09C
310,Chirai Khola,चिराई खोला,82 46,82 46,27 47,27 45,4.9,2782 04C
311,Chirdi Khola,चिर्दी खोला,83 41,83 39,28 8,28 9,4.95,2883 15B
312,Chisa Khola,चिसा खेला,83 13,83 14,28 3,28 1,4.2,2883 13D
313,Chisapani Khola,चिसापानी खोला,84 40,84 39,27 56,27 57,3.9,2784 03B
314,Chisapani Khola,चिसापानी खोला,83 57,83 58,28 2,28 1,3.6,2883 16D
315,Chise Khola,चिसे खोला,83 9,83 10,28 4,28 6,3.7,2883 13D
316,Chiso Khola,चिसो खोला,84 30,84 29,27 58,27 58,2.1,2784 02B
317,Chisopani Khola,चिसोपानी खोला,84 49,84 49,27 8,27 57,2,2784 04A
318,Chiuribas Khola,चिउरीबास खोला,83 5,83 54,27 46,27 44,4.3,2783 08B
319,Chokhopani Khola,चाखोपानी खोला,83 43,83 40,28 42,28 43,7.3,2883 07
320,Chor Khola,चोर खोला,82 52,82 51,27 47,27 45,2.8,2782 04C
322,Chowa+Mathura Khola,चोवा+मथुरा खोला,83 11,83 13,27 60,27 57,8.7,2783 01B
323,Chudi Khola,चुदी खोला,84 25,84 25,28 0,27 57,8.6,2784 02B
324,Chukti Khola,चुक्ती खोला,84 29,84 30,28 59,27 60,2.5,2784 02B
325,Chum Khola,चुम खोला,84 38,84 39,27 51,27 52,3.1,2784 03D
326,Chundi Khola,चुँंदी खोला,84 23,84 22,28 4,28 2,2,2884 14C
327,Chung Khola,चुङ खोला,82 57,82 58,28 28,28 26,7.3,2882 12B
328,Chyadi Khola,च्यादी खोला,84 36,84 37,28 17,28 15,5.3,2884 11
329,Chyadu Khola,च्यादु खोला,84 49,84 53,27 55,27 53,9.9,2784 04A
330,Chyangdi Khola,च्याङदी खोला,84 38,84 38,28 14,28 14,1.05,2884 15B
331,Chyare Khola,च्यारे खोला,83 51,83 52,27 59,27 58,6.1,2783 04A
332,Dagdi Khola,दग्दी खोला,83 57,83 60,28 4,28 3,7.95,2883 16D
333,Daha Khola,दह खोला,82 59,83 0,28 17,28 17,1.85,2882 12D
334,Daha+Chitre Khola,दह+चित्रे खोला,-,-,-,-,5.4,2883 10A
335,Dahaki Khola,डहकी खोला,84 38,84 38,27 51,27 52,2,2784 03D
336,Dahare+Jhiwa Khola,डहरे+झिवा खोला,83 0,83 3,28 21,28 23,8,2883 09C
337,Dalagirwa Khola,दलागिर्वा खोला,83 41,83 40,27 36,27 34,3.75,2783 07D
338,Dalka River,डल्का नदी,83 40,83 37,27 33,-,9.4,2783 11B
339,Dalli Khola,डल्ली खोला,83 18,83 21,27 4,28 4,5.55,2883 14C
340,Dalsing Khola,दाल्सिङ खोला,83 13,83 14,28 40,28 35,9.6,2883 05
341,Damal Khola,दमाल खोला,83 1,83 0,28 6,28 7,2.65,2785 06D
342,Damkhanne Khola,दामखन्ने खोला,84 30,84 29,28 3,28 2,2.25,2884 14D
343,Damodar Kunda Khola,दामोदर कुण्ड खोला,84 11,84 11,29 5,29 0,9.5,2984 13
344,Damuwa Khola,दमुवा खोला,83 38,83 37,28 16,28 16,1.55,2883 11C
345,Dana Khola,डना खोला,84 30,84 22,28 30,28 32,14.5,2884 06
346,Danau River,दानौ नदी,83 20,83 15,27 26,27 24,12.95,2783 10A
347,Danda Nala,दान्दा नाला,83 30,83 27,27 32,27 29,12.95,2783 10B
348,Danda River,डण्डा नदी,83 32,83 30,27 34,-,-,2783 11A
349,Dang Khola,दाङ खोला,83 23,83 23,28 27,28 26,1.5,2883 10B
350,Danga Khola,दाङ्गा खोला,83 14,83 13,28 15,28 14,1.3,2883 13B
351,Dangdunge Khola,डाङडुङ्गे खोला,83 56,83 57,28 10,28 11,3.85,2883 16B
352,Dangdungge+Sadhu Khola,डाङडुङ्गे+साघु खोला,83 57,83 60,28 29,28 26,9,2883 12B
353,Dangre Khola,डाङगे्र खोला,83 50,83 51,27 43,27 41,3.95,2783 08A
354,Dano Nadi,दानो नदी,83 24,83 22,27 41,27 40,5.3,2783 06B
355,Dano River,दानो नदी,83 0,83 19,27 34,27 27,19.5,2783 09B
356,Dar Khola,दार खोला,-,-,-,-,11.6,2883 06
357,Daram Khola,दारम खोला,83 13,83 17,28 12,28 11,11.8,2883 14A
358,Daraudi Khola,दरौदी खोला,8 44,84 44,28 22,2 15,7.6,2884 11
359,Darav Khola,दरौै खोला,84 18,84 18,27 52,27 50,3.1,2784 02C
360,Darbhan Khola,दर्भान खोला,82 50,82 50,27 56,27 55,4.12,2782 04A
361,Darling Khola,दार्लिङ खोला,83 8,83 11,28 16,-,6.75,2883 09D
362,Das Khola,दास खोला,84 28,84 27,27 48,27 47,2.8,2784 02D
363,Deurali Khola,देउराली खोला,84 19,84 20,28 3,28 2,3.6,2884 14C
364,Deurali+Paiyun Khola,देउराली+पैयूँ खोला,83 41,83 42,28 7,28 5,5.65,2883 15D
365,Deusad Khola,देउसद खोला,83 49,83 49,27 43,27 41,3.4,2783 08A
366,Deusat Khola,दैसाद खोला,-,-,-,-,19.3,2784 05B
367,Devi Tal,देवी ताल,84 8,,27 32,-,-,2784 05D
368,Dhab Khola,ढाब खोला,82 53,82 50,27 53,27 53,5.65,2782 04A
369,Dhab+Amile Khola,धाव+अमिले खोला,83 20,83 21,27 51,27 48,9.5,2783 02A
370,Dhad Khola,ढाड खोला,82 49,82 50,27 56,27 54,4.05,2782 04A
371,Dhad+Ghatte Khola,ढाड+घट्टे खोला,83 50,83 53,28 18,28 18,7.1,2883 12C
372,Dhade Khola,ढाडे खोला,83 15,83 14,28 14,28 14,2.15,2883 13B
373,Dhadra Khola,धाद्रा खोला,82 52,82 52,27 57,27 55,4.42,2782 04A
374,Dhagi Khola,धागी खोला,83 48,83 51,27 37,27 37,6.8,2783 08C
375,Dhagli Khola,धाग्ली खोला,82 58,82 57,28 29,28 30,3.1,2882 12B
376,Dhaiku Khola,धैकु खोला,83 35,83 39,28 36,28 37,-,2883 07
377,Dhakrung Khola,धाक्रुङ खोला,84 3,84 0,28 54,28 54,5.8,2884 01
378,Dhamchai Khola,धम्छइ खोला,82 52,82 52,28 31,28 34,6.1,2882 08
379,Dhamile Khola,धमिले खोला,82 48,82 50,27 45,27 46,4.1,2782 04C
380,Dhan Khola,धान खोला,82 47,82 48,27 46,24 48,4.4,2782 04C
381,Dhand Khola,ढाँड खोला,84 22,84 22,28 8,28 6,2.3,2884 14C
382,Dhanewa Khola,धनेवा खोला,-,-,-,-,18.5,2783 12A
383,Dhanewa River,धनेवा नदी,83 46,83 43,27 31,-,11.2,2783 11B
384,Dhangna Khola,ढाङना खोला,83 50,83 55,29 14,29 14,9.85,2983 16A
385,Dhap Khola,धाप खोला,83 27,83 27,27 58,27 57,3.9,2783 02B
386,Dhapa Khola,धापा खोला,83 38,83 40,28 13,28 12,5.65,2883 15B
387,Dharadi Khola,धरादी खोला,84 15,84 15,27 53,27 53,2.1,2784 02A
388,Dharadi Khola,धरादी खोला,83 54,83 54,28 11,28 10,1.3,2883 16B
389,Dharapani Khola,धारापानी खोला,8 26,84 29,28 5,2 3,3.2,2884 14D
390,Dharche Khola,धार्चे खोला,84 48,84 52,28 9,28 11,9,2784 16
391,Dhasta Khore Khola,धस्ता खोरे खोला,83 45,83 41,28 28,28 26,7.95,2883 11B
392,Dhau Khola,धौ खोला,82 50,82 49,27 53,27 52,2.32,2782 04C
393,Dhaula Khola,धौला खोला,83 10,83 12,28 38,28 37,4.7,2883 05
395,Dhawa Khola,धावा खोला,83 31,83 31,27 59,27 58,2.65,2783 03A
396,Dhawadi Khola,धवाडी खोला,84 26,84 27,28 2,28 0,4,2884 14D
397,Dhechyang Khola,घेच्याङ खोला,84 0,83 56,29 4,29 5,6.05,2983 16A
398,Dhedhuri Khola,ढेधुरी खोला,84 1,84 1,27 37,27 34,-,2784 05C
399,Dhekarahawa River,ढेकरहवा नदी,83 3,83 4,27 41,27 36,12.05,2783 05A
400,Dheldang Khola,ढेलडाङ खोला,85 3,85 4,28 41,28 38,6.9,2785 05
401,Dhimi Khola,धिमी खोला,84 3,84 0,29 6,29 7,4.9,2984 13
402,Dhinkyo Khola,धिङक्यो खोला,83 55,83 48,28 51,28 53,14.7,2883 04
403,Dhiprang Khola,धिप्राङ खोला,83 55,83 58,28 21,28 21,4.5,2883 12D
404,Dhirai Khola,धिराई खोला,83 7,83 7,27 48,27 44,7.65,2783 05B
405,Dhiri Khola,धिरी+गाई खोला,83 4,83 5,27 50,27 47,7.1,2783 01C
406,Dhobadi Khola,धोवादी खोला,83 35,83 35,27 53,27 50,6.5,2783 03C
407,Dhobi Khola,धोबी खोला,84 51,84 50,27 49,27 48,2.65,2784 04C
408,Dhoka Khola,ढोका खोला,-,-,-,-,4.2,2883 06
409,Dhor Khola,ढोर खोला,83 13,83 13,28 1,27 59,4.15,2783 01B
410,Dhoti+Thota Khola,ढोती+ठोता खोला,83 49,83 46,28 18,28 18,6,2883 12C
411,Dhotre Khola,धोत्रे खोला,84 22,84 21,27 49,27 48,3.1,2784 02C
412,Dhudure Khola,धुदुरे खोला,84 5,84 5,28 4,28 1,5.5,2884 13C
413,Dhugari Khola,धुङगोरी खोला,83 17,83 18,27 59,27 58,2.95,2783 02A
414,Dhumba Khola,धुम्बा खोला,83 44,83 42,28 45,28 46,3.9,2883 03
415,Dhunar Khola,दुनार खोला,-,-,-,-,2.8,2883 06
416,Dhunchet Khola,धुनचेत खोला,84 57,84 56,28 8,28 11,6.6,2784 16
417,Dhundhure Khola,धुनधुरे खोला,84 32,84 34,28 4,28 3,3.75,2884 15C
418,Dhunge Pani Khola,ढुङ्गेपानी खोला,84 17,84 17,28 3,28 3,2.25,2884 14C
419,Dhungre Khola,ढुङग्रे खोला,83 14,83 13,27 49,27 50,3.85,2783 01D
420,Dhunsure Khola,धुन्सुरे खोला,84 17,84 17,28 1,28 0,2.4,2884 14C
421,Dhup Khola,धुप खोला,84 17,84 17,27 59,27 58,1.4,2784 02A
422,Dhurkos Khola,धोरकोस खोला,-,-,-,-,7,2883 06
423,Dhusa Khola,धुसा खोला,84 45,84 46,27 46,27 47,3.15,2784 04C
424,Dhuseni Khola,धुसेनी खोला,84 41,84 40,27 54,27 54,2,2784 03B
425,Dhuwa Khola,धुवा खोला,82 53,82 52,27 60,27 58,3.7,2782 04A
426,Dhuwakhor Khola,धुवाखोर खोला,83 8,83 10,28 18,-,5.95,2883 09D
427,Dhuya Khola,धुया खोला,83 39,83 45,29 3,29 4,15.4,2983 15C
428,Dhwang + Phuseta Khola,ध्वाङ + फुसेता खोला,84 26,84 26,28 13,28 11,3.95,2884 14B
429,Diga Khola,दिजा खोला,83 0,82 59,28 28,28 30,3.65,2882 12B
430,Dihul Khola,दिहुले खोला,84 15,84 15,27 52,27 53,1,2784 02C
431,Disyong Khola,डिस्योङ खोला,85 2,85 0,28 4,28 3,4,2885 13
432,Diuli Khola,दिउली खोला,84 7,84 5,28 16,28 16,2.65,2884 09C
433,Doba Khola,दोबा खोला,83 38,83 38,28 28,28 28,1.4,2883 11B
434,Dobakhola Puchchhar,दोबाखोला पुच्छार,83 38,-,28 28,-,-,2883 11B
435,Dobhan Khola,दोभान खोला,85 2,85 0,28 18,28 18,5.8,2885 09
436,Dobilla Khola,दोविल्ला खोला,83 34,83 32,27 58,27 58,4.4,2783 03A
437,Dodre Khola,डोड्रे खोला,82 58,82 57,28 17,28 17,3.25,2882 12D
438,Dogari Khola,दोगरी खोला,83 8,83 0,28 42,28 42,15.6,2883 05
439,Dolai Khola,डोलाई खोला,82 44,82 37,27 51,27 51,15.25,2782 03D
440,Dono Khola,डुनु खोला,84 6,84 6,29 17,29 15,3.15,2984 09
441,Dordi Khola,दोर्दी खोला,84 37,8 30,28 24,28 15,23.5,2884 11
442,Dorlaicha Khola,दोर्लाैचा खोला,83 52,83 52,27 58,27 58,1,2783 04A
443,Dubar Khola,दुवार खोला,83 12,83 11,28 12,28 8,9.95,2883 13B
444,Dudh  Khola,दूध खोला,84 24,84 22,28 34,28 31,6.6,2884 06
445,Dudh Khola,दुध खोला,84 39,84 36,28 20,28 20,-,2884 11
446,Dukhu Khola,डुखु खोला,83 28,83 26,28 25,28 24,5.4,2883 10B
447,Dukrang Khola,दुक्राङ खोला,84 40,84 41,27 48,27 48,3.5,2784 03D
448,Dumre Khola,डुमे्र खोला,82 48,82 50,27 58,27 60,3.35,2782 04A
449,Dumsi + Lumdi Khola,दुम्सी लुम्दी खोला,83 50,83 52,27 59,27 56,-,2783 04A
450,Dunam Khola,दुनाम खोला,83 10,83 11,28 16,-,3.2,2883 09D
451,Dund Khola,डँुड खोला,84 6,84 6,28 13,28 12,2.7,2884 13A
452,Dunda Khola,डुँडा खोला,83 39,83 39,28 17,28 16,3.65,2883 11D
453,Dundare Khola,डुन्द्रे खोला,84 54,84 52,28 7,28 9,6.2,2784 16
454,Dunde Khola,डुडे खोला,84 25,84 24,27 47,27 46,2.6,2784 02D
455,Dungla Danda,दुङला डाँडा,84 52,-,28 19,-,13.8,2884 12
456,Dunu Khola,डुनु खोला,84 0,83 60,29 12,29 10,3.95,2983 16A
457,Durga Khola,दुर्गा खोला,83 15,83 15,27 54,27 55,2.2,2783 02A
458,Durga+Nigali Khola,दुर्गा निगाली खोला,83 18,83 15,27 52,27 54,6.2,2783 02A
459,Duwal Khola,दुवाल खोला,83 5,83 3,28 28,28 27,4.7,2883 09A
460,Duwari Khola,दुवारी खोला,83 35,83 39,28 32,28 31,8.7,2883 07
461,Gachne Khola,गच्ने खोला,83 7,83 8,27 57,27 57,2.65,2783 01B
462,Gadar Khola,गडार खोला,84 0,84 1,27 38,27 36,5.1,2784 05C
463,Gadera Khola,गडेरा खोला,83 0,82 57,28 20,28 19,6.65,2882 12D
464,Gaduwa Khola,गडुवा खोला,83 35,83 38,27 54,27 54,5.8,2783 03A
465,Gagar Khola,गागर खोला,82 52,82 50,28 31,28 30,4,2882 08
466,Gagre Khola,गागे्र खोला,-,-,-,-,4.1,2883 06
467,Gahubari Khola,गहुबारी खोला,84 41,84 40,27 54,27 54,2.2,2784 03B
469,Gairahawa River,गैरहवा नदी,83 20,83 18,27 26,27 21,12.7,2783 10A
470,Gairi Khola,गैरी खोला,83 14,83 15,28 5,28 6,1.7,2883 14C
471,Gairikateri Khola,गैरी कटेरी खोला,84 37,84 36,28 13,28 11,4.6,2884 15A
472,Gaiya+Kyandi Khola,गैया क्याङदी खोला,83 57,84 0,28 6,28 2,13.5,2883 16D
473,Gakhar Khola,गाखर खोला,83 35,83 37,28 29,28 29,2.8,2883 11A
474,Galkatta Khola,गलकट्टा खोला,83 1,83 0,28 26,28 25,3.65,2883 09A
475,Gam Khola,गाम खोला,82 55,82 53,28 19,28 21,7.7,2882 12D
476,Gamari Khola,गमरी खोला,83 59,83 57,27 48,27 49,4.35,2783 04D
477,Ganaha Khola,गुनाहा खोला,82 45,82 48,27 57,27 53,10.72,2782 04A
478,Gandak Khani Khola,गण्डक खानी खोला,85 2,85 3,28 15,28 10,12.4,2885 13
479,Gandak Main Canal (West),गण्डक मुख्य नहर       ( पश्चिम),83 5,83 3,27 9,27 0,4.95,2783 12B
480,Gandaki Main Western Canal,गण्डकी मेन पश्चिम क्यानल,-,-,-,-,9.2,2783 12A
481,Ganeri Khola,गनेरी खोला,82 53,82 50,27 47,27 47,4.8,2782 04C
482,Ganga Rami Khola,गंगा रामी खोला,83 47,83 46,27 35,27 34,1.95,2783 08C
483,Gangate Khola,गङ्गटे खोला,84 40,84 39,28 2,28 3,4.5,2884 15D
484,Gangati Khola,गंगटी खोला,83 46,83 51,27 38,27 37,9.15,2783 08C
485,Ganglang+Kali Khola,गङलाङ+काली खोला,83 59,83 60,28 19,28 15,9.6,2883 12D
486,Gangre Sota,गंग्रे सोता,82 42,82 40,27 46,27 49,5.82,2782 03D
488,Garchyang Khola,गच्र्याङ खोला,84 11,84 9,28 23,28 22,9.8,2884 09B
489,Garjabang Khola,गर्जाबाङ खोला,82 55,82 53,28 24,28 24,3.9,2882 12B
490,Garjyang Khola,गज्र्याङ खोला,83 14,83 13,27 58,27 57,2.65,2783 01B
491,Gartang Khola,गर्तङ खोला,83 2,83 0,28 8,28 7,3.9,2785 06D
493,Gasali Khola,गसली खोला,85 7,85 1,28 6,28 5,13,2885 13
494,Gaspur+Libang,गसपुर+लिवाङ खोला,83 4,83 8,28 18,28 20,8.3,2883 09C
495,Gauda+Pate Khola,गौडा+पाते खोला,-,-,-,-,6.1,2883 10A
496,Gaumukhi Khola,गांैमुखी खोला,83 3,83 3,28 19,28 17,5.15,2883 09C
497,Gaure Khola,गौरे खोला,83 54,83 55,28 8,28 7,2.4,2883 16B
498,Gedi+Anbhan+Charang Khola,गेडी+आङबाङ+चराङ खोला,83 44,83 40,28 2,28 3,9.2,2883 15D
499,Ghaderi khola,घडेरी खोला,83 3,83 3,28 4,28 3,3.05,2883 13A
500,Ghagha Nala,घाघा नाला,83 28,83 28,27 38,27 34,8.75,2783 06B
501,Ghaguwa Khola,घागुवा खोला,84 12,84 12,28 9,28 8,3.4,2884 13B
502,Ghairung Khola,घैरुङ खोला,84 38,84 39,27 56,27 54,3.7,2784 03B
503,Ghalemdi Khola,घलेम्दी खोला,83 45,83 45,28 34,28 32,3.6,2883 08
504,Ghamahar Khola,घमाहार खोला,83 21,83 20,27 45,27 41,9.45,2783 06A
505,Ghami Khola,घामी खोला,83 38,83 45,29 6,29 4,17.2,2983 15C
506,Ghamir Khola,धमिर खोला,83 9,83 8,28 12,28 10,5.55,2883 13B
507,Ghamsur Khola,घमसुर खोला,84 42,84 45,27 53,27 52,6.35,2784 03D
508,Ghanghar Nala,घाङघर नाला,83 27,83 25,27 34,27 20,18.2,2783 10B
509,Ghanti Khola,घाँटी खोला,83 9,83 10,28 28,28 27,-,2783 09B
510,Ghar Khola,घार खोला,83 44,83 39,28 24,28 29,15.2,2883 11B
511,Ghari Khola,घारी खोला,83 10,83 8,28 26,28 24,5.7,2783 09B
512,Gharmi Khola,घार्मी खोला,83 58,83 59,28 17,28 16,2.7,2883 12D
513,Ghat Khola,घट खोला,83 25,83 22,27 51,27 48,9.7,2783 02D
514,Ghatta Khola,घट्टा खोला,84 50,84 54,28 24,28 23,-,2884 12
515,Ghatte + Giule Khola,घट्टे+गिउले खोला,84 1,84 4,28 20,28 15,10.65,2884 09C
516,Ghatte Khola,घट्टे खोला,84 59,85 0,28 14,28 11,6,2784 16
517,Gheyar+Chipleti Khola,घेयार+ चिप्लेटी खोला,83 15,83 14,27 52,27 50,6.55,2783 02A
518,Ghilungpa Khola,घिलुङपा खोला,83 46,83 48,28 4,28 53,4.5,2883 04
519,Gho Khola,घो खोला,84 21,84 24,28 38,28 34,9.2,2884 06
520,Ghobang+Yangdi Khola,घोवाङ+याङडी खोला,84 53,83 58,28 18,28 15,12.55,2883 12D
521,Ghochak Khola,घोचक खोला,83 5,83 6,28 0,28 0,3.15,2785 06D
522,Ghoghiya Nala,घोघिया नाला,83 21,83 18,27 24,27 20,12.85,2783 10A
523,Ghoiche Khola,घोइचे खोला,84 1,84 0,29 15,29 13,3.3,2984 13
524,Ghonghi River,घोङघी नदी,83 23,83 24,27 30,27 28,10.2,2783 10B
525,Ghor Khola,घोर खोला,84 33,84 32,28 14,28 13,3.2,2884 15A
526,Ghore Khola,घोरे खोला,83 58,84 0,28 29,28 27,4.3,2883 12B
527,Ghos Khola,घोस खोला,82 45,82 48,27 55,27 53,6.97,2782 04A
528,Ghosa Khola,घोसा खोला,83 1,83 3,28 27,28 27,3.85,2883 09A
529,Ghuma Khola,घुमा खोला,82 49,82 50,28 45,28 41,8.4,2882 08
530,Ghunghure Khola,धुङधुरे खोला,84 33,84 33,28 3,28 1,4.05,2884 15C
531,Ghurja Khola,घुर्जा खोला,-,-,-,-,0.3,2883 06
532,Ghurma Khola,घुर्मा खोला,-,-,-,-,10.7,2883 06
533,Ghustung Khola,घुस्तुङ खोला,83 0,82 56,28 38,28 39,8.6,2882 08
534,Ghustung+Kape Khola,घुस्तुङ+कापे खोला,83 11,83 0,28 42,28 38,27.5,2883 05
535,Ghyakar Khola,ग्याकर खोला,83 45,83 50,28 58,28 56,11.1,2883 04
536,Ghyamrang Khola,ध्याम्राङ खोला,84 8,84 6,28 18,28 17,3.8,2884 09C
537,Ghyanchan Khola,घ्याङच्याङ खोला,84 0,83 59,28 42,28 42,2.3,2883 08
538,Ghyang Khola,घ्याङ खोला,83 45,83 43,29 14,29 13,5,2983 15B
539,Ghyangchang Khola,ग्याङचाङ खोला,84 1,84 0,28 44,28 42,4.5,2884 05
540,Ghyung Khola,घुयुङ खोला,83 45,83 55,29 15,29 6,22.4,2983 16A
541,Gidhda Khola,गिद्ध खोला,83 44,83 43,27 39,27 34,9,2783 07D
542,Gidrahawa Khola,गिद्रहवा खोला,82 42,82 41,27 47,27 49,5.22,2782 03D
543,Gindri Khola,गिन्द्री खोला,84 7,84 7,27 37,27 34,6.7,2784 05C
544,Girwari Khola,गिरबारी खोला,84 3,84 0,27 41,27 34,16.8,2784 05C
545,Gobli Khola,गोल्ली खोला,83 19,83 20,27 52,27 53,3.55,2783 02A
546,Godi Khola,गोदी खोला,83 45,83 46,28 2,28 2,2.8,2883 16C
547,Gogaughari Danda,गोगन धारी डाँडा,84 22,84 22,27 49,27 50,1.2,2784 02C
548,Gohadi Khola,गोहादी खोला,83 35,83 34,27 53,27 56,6.3,2783 03A
549,Goimaha Khola,गोइमाहा खोला,82 39,82 39,27 47,27 49,4.07,2782 03D
550,Golangdi Khola,गोलाङदी खोला,84 2,84 1,28 8,28 6,3.7,2884 13C
551,Gomati Khola,गोमती खोला,84 48,84 47,27 46,27 48,5.7,2784 04C
552,Gorang Khola,गोराङ्ग खोला,-,-,-,-,3.6,2883 06
553,Gorbang Khola,गोरबाङ खोला,84 20,84 19,27 50,27 49,2.8,2784 02C
554,Gorken Khola,गोरकेन खोला,85 10,85 6,28 9,28 12,8.2,2885 13
555,Gudi Khola,गुदी खोला,84 23,84 22,27 56,27 54,6.7,2784 02A
556,Gue Khola,गुए खोला,84 16,84 5,28 3,28 2,2.8,2884 14C
557,Guhe Khola,गुहे खोला,84 7,84 6,28 0,28 1,2.1,2884 13C
558,Guhetro Khola,गुहेत्रो खोला,83 56,83 55,28 15,28 14,2.6,2883 16B
559,Guidhya Khola,गुइढया खोला,84 21,84 22,27 46,27 46,1.8,2784 02C
560,Gum Khola,गुम खोला,82 57,82 60,28 24,28 25,6.45,2882 12B
561,Gunchhyang Khola+Jhimruk Khola+Baismul Khola,गुन्छ्याङ खोला+झिमरुक खोला+बैशमुल खोला,83 3,83 2,28 19,28 15,11.65,2883 09C
562,Gundi Khola,गुन्दी खोला,84 15,84 17,27 54,27 53,3.3,2784 02A
563,Gurba Khola,गुर्वा खोला,83 14,83 13,28 9,28 8,3.55,2883 13B
565,Gurmuwa Khola,गुर्मुवा खोला,83 2,82 60,27 47,27 41,22.5,2783 05A
566,Gurwa dada,गुर्वा डाँडा,83 12,-,28 8,-,-,2883 13B
567,Gut Gad,गुट गाड,83 0,82 58,28 42,28 42,4.1,2882 08
568,Gyadi+Gedi Khola,ग्यादी+गेदी खोला,83 22,83 20,28 8,28 6,5.25,2883 14C
569,Gyagdi Khola,ग्याग्दी खोला,84 24,84 24,28 10,28 8,4.4,2884 14B
570,Gyaja Khola,ग्याजा खोला,84 44,84 44,27 51,27 52,3.45,2784 03D
571,Gyajha Khola,ग्याँझा खोला,84 34,84 35,27 53,27 53,3.35,2784 03A
572,Gyajma Khola,ग्याजमा खोला,84 48,84 49,27 53,27 51,4.15,2784 04C
573,Gyalma Khola,ग्यालमा खोला,84 48,84 48,27 54,27 53,2.9,2784 04A
574,Gyamset Khola,ग्यामसेट खोला,85 2,85 1,28 35,-,5.5,2785 05
576,Hadi Khola,हाँडी खोला,84 31,84 30,28 4,28 5,2.5,2884 15C
577,Hagni Nala,हग्नी नाला,83 22,83 19,27 24,27 20,16.85,2783 10A
578,Hahan Khola,हाहान खोला,85 0,85 1,28 8,28 7,3.1,2885 13
579,Hahang Khola,हाहाङ खोला,84 58,85 0,28 10,28 8,5.9,2784 16
580,Hajil Khola,हाजिल खोला,83 35,83 33,27 45,27 46,6.5,2783 07A
581,Handi Khola,हाँडी खोला,83 9,83 9,28 24,28 23,2.95,2783 09B
582,Handi Khola,हाँडी खोला,83 51,83 52,28 13,28 14,5.15,2883 16A
583,Hangri+Dhungre Sagu Khola,हङग्री+डुङग्रे सागु खोला,83 2,83 1,28 26,28 24,4.5,2883 09A
584,Hapur Khola,हापुर खोला,82 52,82 50,28 0,27 59,3.1,2782 04A
585,Hardi Khola,हार्दी खोला,84 20,84 19,28 5,28 3,2.8,2884 14C
586,Harewa Khola,हरेवा खोला,83 29,83 25,28 6,28 6,7.1,2883 14D
587,Harewa River,हरेवा नदी,83 22,83 21,27 29,27 27,8.25,2783 09B
588,Hariap Khola,हरिआप खोला,83 21,83 19,27 52,27 54,9.1,2783 02A
589,Harje Khola+Arkha Khola,हार्जे खोला+अर्खा खोला,83 6,83 3,28 16,28 16,6.5,2883 09C
590,Harkur Khola,हरकुर खोला,83 5,83 5,27 40,27 39,3.85,2783 05A
591,Harpan Khola,हर्पन खोला,83 52,83 56,28 15,28 13,8,2883 16B
592,Hastung+Kot Khola,हसटुङ+कोट खोला,82 55,82 57,28 19,28 19,4.85,2882 12D
593,Hatiban Khola,हात्तिवन खोला,84 38,84 39,27 46,27 48,5.75,2784 03D
594,Hattimoda Khola,हात्तिमोडा खोला,84 10,84 8,27 32,27 33,-,2784 05D
595,Hau Khola,हाउ खोला,83 60,83 59,27 43,27 42,2.75,2783 08B
596,Hemrali Khola,हेम्राली खोला,83 6,83 6,27 46,27 44,4.4,2783 08B
597,Hepinge Khola,हेपिङगे खोला,84 50,84 50,28 0,27 60,0.9,2784 04A
598,Hilabang Khola,हिलाबाङ खोला,83 25,83 25,28 23,28 24,2.5,2883 10B
599,Hilbang Khola,हिल्बाङ खोला,83 25,83 25,28 22,28 23,2.1,2883 10D
600,Hile Khola,हिले खोला,84 30,84 30,28 8,28 8,2.2,2884 14B
601,Hinang Glacier,हिनाङ हिमताल,84 41,84 44,28 30,28 34,10.2,2884 07
602,Hire Khola,हिरे खोला,-,-,-,-,3.1,2883 06
603,Hirichor Khola,हिरीचोर खोला,83 46,83 45,28 30,28 32,5.2,2883 08
604,Hiuchuli Khola,हिउचुली खोला,84 21,84 20,27 54,27 53,2.5,2784 02A
605,Hiun Khola,हिउँ खोला,84 40,84 44,28 14,28 15,5.65,2884 15B
606,Hopa Khola,होपा खोला,-,-,-,-,1.9,2883 06
607,Hordi Khola,होदी खोला,83 22,83 1,27 59,27 57,4.05,2783 02A
608,Hudi Khola,हुडी खोला,84 45,84 40,28 8,28 7,10.55,2884 15D
609,Hugdi Khola,हुग्दी खोला,84 43,84 42,27 46,27 49,12.2,2784 03D
610,Hukkaban Khola,हुक्काबन खोला,84 41,84 42,-,27 55,3.1,2784 03B
611,Hukum Khola,हुकुम खोला,83 43,83 44,27 54,27 54,3.55,2783 03D
612,Hul Khola,हुल खोला,8 8,83 8,28 12,28 10,4.15,2883 13B
613,Hulangdi Khola,हुलाङदी खोला,83 33,83 33,27 52,27 48,14.1,2783 03C
614,Hulasi Khola,हुलासी खोला,-,-,-,-,9.5,2783 12A
615,Huluwa Khola,हुलुवा खोला,83 22,83 24,28 14,28 13,4.9,2883 14B
616,Hum Khola,हुम खोला,83 43,83 43,28 37,28 36,5.4,2883 07
617,Hung Gad khola,हुङगाड खोला,83 2,83 0,28 9,28 9,3.8,2883 13A
618,Hungdi Khola,हुङदी खोला,83 30,83 30,28 9,28 8,1.25,2883 15A
619,Hupra Khola,हुप्रा खोला,83 42,83 42,28 19,28 18,3.05,2883 11D
620,Hwandi Khola,ह्वाङदी खोला,83 18,83 18,28 2,28 1,3.5,2883 14C
621,Hyaping Khola,ह्यापिङ खोला,84 49,84 50,28 3,28 0,6,2784 16
622,Hyujung Khola,हुजुङ खोला,83 57,84 0,29 18,29 15,8.7,2983 12D
623,Idi Khola,इदी खोला,84 8,84 7,28 15,28 15,1.15,2884 09C
624,Idim+Sisne Khola,इदिम+सिस्ने खोला,83 10,83 14,27 56,27 55,7.75,2783 01B
625,Ijar Khola,इजार खोला,84 18,84 19,28 8,28 7,2.3,2884 14C
626,Ilip Tato Pani Khola,इलिप तातो पानी खोला,85 6,85 5,28 15,28 2,7.7,2885 13
627,Injar Khola,इँजर खोला,84 6,84 1,27 37,27 34,-,2784 05C
628,Islang Khola,इस्लाङ खोला,84 52,84 52,27 61,27 52,2.15,2784 04C
629,Istul Khola,इस्तुल खोला,84 46,84 49,28 9,28 2,20.1,2784 16
630,Itiya Khola,इतिया खोला,84 9,84 10,28 57,28 58,3.9,2884 01
631,Jabang Khola,जवाङ खोला,84 40,84 40,27 48,27 49,3.3,2784 03D
632,Jabi Khola,जाबी खोला,83 48,83 49,28 8,28 9,3.1,2883 16A
633,Jagos Khola,जगोस खोेला,-,-,-,-,3.5,2883 06
634,Jaidi Khola,जैदी खोला,83 48,83 47,27 57,27 54,9.75,2783 04A
635,Jakrijang Lek,जाक्रिजङ्ग लेक,83 43,83 44,29 1,29 1,3.3,2983 15C
636,Jalake Khola,जलके खोला,-,-,-,-,5.3,2784 05B
637,Jalkani Khola,जलकिनी खोला,84 43,84 41,28 8,28 8,2.7,2884 15B
638,Jaluke Khola,जलेके खोला,-,-,-,-,3.7,2784 05B
639,Jamdi Khola,जाम्दी खोला,84 7,84 6,28 3,28 3,4.5,2884 13C
640,Jamuwa+Bhutahawa River,,83 12,83 12,27 39,27 34,10.8,2783 05D
641,Jamuwar Nala,जमुवार नाला,83 5,83 5,27 34,27 28,21.3,2783 05C
642,Jamuwar River,जमुवार नदी,83 7,83 5,27 36,27 34,6.1,2783 05A
643,Jarang Khola,जराङ खोला,84 43,84 39,28 3,28 8,7.45,2884 15D
644,Jare Khola,जरे खोला,83 45,83 43,28 18,28 14,5,2883 15B
645,Jare Khola,जरे खोला,83 47,83 48,28 9,28 10,3.8,2883 16A
646,Jare+Chilaune Khola,जरे+चिलाउने खोला,83 47,83 45,28 14,28 13,5.25,2883 16A
647,Jarlung Khola,जार्लुङ खोला,83 0,82 57,28 39,28 40,5.6,2882 08
648,Jasti Khola,जस्ती खोला,83 12,83 11,28 19,-,4.4,2883 09D
649,Jau Khola,जौ खोला,83 24,83 26,27 58,-,4.8,2783 02B
650,Jaubari Khola,जौबारी खोला,84 3,84 24,27 49,27 51,5.8,2784 02D
651,Jhad danda Khola,झड डाँडा खोला,84 0,84 2,28 6,28 6,4.15,2884 13C
652,Jhakri Khola,झाक्री खोला,83 44,83 43,28 12,28 11,2.9,2883 15B
653,Jhaleri Khola,झलेरी खोला,83 13,83 14,28 4,28 5,2.45,2883 13D
654,Jharai River,झरै नदी,83 40,83 43,27 34,-,19.05,2783 11B
655,Jharbang Khola,झरबाङ खोला,83 43,83 40,28 28,28 27,5.15,2883 11B
656,Jharme Khola,झर्ने खोला,-,-,-,-,3.3,2883 06
657,Jhataban+Ghaderi khola,जताबन+गधेरी खोला,83 4,83 1,28 3,28 4,6.1,2883 13A
658,Jhedi+Arjewa Khola,झेदी+अर्जेवा खोला,83 20,83 17,28 10,28 10,5.5,2883 14A
659,Jhigahi Khola,झिङ्गही नदी,82 59,82 60,27 42,27 41,2.3,2783 05A
660,Jhimma Khola,झिम्मा खोला,82 55,82 55,28 25,28 26,4.4,2882 12B
661,Jhimruk Khola,झिम्रुक खोला,82 57,83 0,28 0,27 59,8.1,2782 04B
662,Jhingahi Khola,झिंगली खोला,82 58,82 59,27 47,27 42,10.65,2782 08B
663,Jhingkhani Khola,झिङ्गखानी खोला,-,-,-,-,0.2,2883 06
664,Jhinkhani Khola,झिङखानी खोला,83 28,83 30,28 30,28 29,3.2,2883 10B
665,Jhule+Palung Khola,झुले+पालुङ खोला,83 31,83 33,28 10,28 8,7.6,2883 15A
666,Jhuma Khola,झुमा खोला,83 45,83 47,27 53,27 54,4,2783 04A
667,Jhumsa Khola,झुम्सा खोला,83 41,83 38,27 47,27 44,10.35,2783 07B
668,Jhuwa Khola,झुवा खोला,83 45,83 49,29 0,28 58,7.6,2883 04
669,Jhyalle Khola,झ्याल्ले खोला,84 40,84 41,28 10,28 8,4.15,2884 15B
670,Jhyapre Khola,झ्याप्रे खोला,83 27,83 28,28 21,28 21,2.7,2883 10D
671,Jigarban Khola,जिगरबन खोला,82 54,82 53,28 19,28 18,3.45,2882 12D
672,Jilang Khola,जिलाङ खोला,83 60,83 58,27 42,27 43,5.35,2783 08B
673,Jimire Khola,जिमिरे खोला,84 8,84 9,28 12,28 11,2.4,2884 13B
674,Jimre Khola,जिम्रे खोला,82 47,82 46,27 57,27 57,2.95,2782 04A
675,Jiredi Khola,जिरेदी खोला,83 1,83 32,28 15,28 16,4.4,2883 11C
676,Jiudi Khola,जिउडी खोला,84 38,84 38,27 53,27 52,0.9,2784 03D
677,Joi Khola,जोइ खोला,83 14,83 15,28 19,-,4.25,2883 09D
678,Jolteanp Khola,जोल्टेआँप खोला,84 35,84 35,27 53,27 53,1.6,2784 03A
679,Jomsom Khola,जोमसोम खोला,84 9,84 10,28 49,28 47,4.5,2884 01
680,Jorte Khola,जोर्ते खोला,83 18,83 18,28 15,28 13,4.65,2883 14A
681,Judhi Khola,जुढी खोला,84 39,84 38,27 54,27 53,4.1,2784 03B
682,Judi + Chainpur Khola,जुडी र चैनपुर खोला,84 44,84 44,27 51,27 48,5.9,2784 03D
683,Judi Khola,जुदी खोला,84 28,84 28,27 59,27 57,6.4,2784 02B
684,Juge Khola,जुगे खोला,84 51,84 51,27 56,27 55,2.6,2784 04A
685,Jugedi Khola,जुगेडी खोला,84 30,84 28,27 46,27 46,3.4,2784 02D
686,Jugepani Khola,जुगे पानी खोला,-,84 19,28 10,28 9,1.35,2884 14A
687,Jugja Khola+Jugia Khola,जुग्जा खोला+जुगिया खोला,83 3,83 5,28 19,28 22,7.15,2883 09C
688,Jugja+Dang Khola,जुग्जा+दाङ खोला,-,-,-,-,8.5,2883 10A
689,Julu Khola,जुलु खोला,84 5,84 5,28 43,28 39,9.4,2884 05
690,Jumlya Khola,जुम्ल्या खोला,84 40,84 39,28 15,28 15,3.15,2884 15B
691,Junmli+Jumdi Khola,जुम्ली+जुम्दी खोला,83 28,83 26,28 3,28 1,7.05,2883 14D
692,Jurkos Khola,जुरकोस खोला,-,-,-,-,3.5,2883 06
693,Juwan Khola,जुवान खोला,83 1,83 1,27 54,27 53,2.5,2783 01C
694,Jyadul Khola,ज्यादुल खोला,84 41,84 45,28 0,27 56,15.5,2784 03B
695,Jyagdi Bastara Khola,ज्याग्दी बासतरा खोला,83 54,83 54,28 2,28 0,6.2,2883 16D
696,Jyagdi Khola,ज्याग्दी खोला,83 53,83 52,27 57,27 56,9.65,2783 04A
697,Jyamire Khola,ज्यामिरे खोला,83 49,83 52,27 35,27 35,7.05,2783 08C
698,Kabre Khola,काव्रे खोला,84 36,84 36,28 3,28 2,2.6,2884 15C
699,Kachani Nala,कचानी नाला,82 54,82 57,27 34,27 29,15.27,2782 12B
700,Kachaniya Khola,कचनीया खोला,82 52,82 54,27 39,27 34,13.1,2782 08D
701,Kadam Khola,कदम खोला,84 29,84 29,28 6,28 5,2.9,2884 14D
702,Kadi Khola,कादि खोला,84 21,84 21,27 51,27 52,3.5,2784 02C
703,Kahara Khola,कहरा खोला,82 51,82 51,27 45,27 41,4.12,2782 08A
704,Kahun + Pasmarang Khola,काहँु +पसमराङ खोला,84 2,84 1,28 17,28 15,3.85,2884 09C
705,Kaila Khola,कैला खोला,83 8,83 7,27 48,27 41,18.1,2783 05B
706,Kailasi Khola,कैलासी खोला,83 6,83 5,27 53,27 52,2.45,2783 01C
707,Kainya Khola,काइया खोला,82 59,82 56,28 17,28 15,8.2,2882 12D
708,Kaiyu Khola,कैयु खोला,84 13,84 11,28 19,28 18,4.25,2884 09D
709,Kajarjang Khola,काजरजङ खोला,82 51,82 55,28 36,28 39,5.7,2882 08
710,Kakarsot Khola,ककरसोत खोला,84 8,84 7,27 3,27 1,4.6,2784 06A
711,Kalbandi Khola,कालवन्दी खोला,84 11,84 8,28 20,28 21,6.9,2884 09D
712,Kalesti Khola,कलेस्टी खोला,84 18,84 16,28 4,28 2,8.5,2884 14C
713,Kali Gandaki Khola,काली गण्डकी खोला,83 38,83 36,28 7,28 0,22.15,2883 15C
714,Kali Gandaki Nadi,काली गण्डकी नदी,83 59,83 54,29 13,29 0,28,2983 16A
715,Kali Khola,काली खोला,84 38,84 30,27 49,27 49,24,2784 03C
716,kaligandaki,कालिगण्डकी,84 10,84 1,27 5,27 5,4,2784 06A
717,Kaligandaki Khola,कालीगण्डकी खोला,83 46,83 52,27 54,27 53,18.2,2783 04C
718,Kaligandaki Nadi,कालीगण्डकी नदी,84 5,84 5,27 5,27 5,1.6,2784 06B
719,Kaligandaki Nadi,कालिगण्डी नदी,84 15,84 23,27 51,27 47,26.6,2784 02C
720,Kalikathav Danda,कालिका थान,84 22,-,27 49,-,-,2784 02C
721,Kalo Khola,कालो खोला,84 40,84 41,27 56,27 55,2.1,2784 03B
722,Kalopani Khola,कालोपानी खोला,84 50,84 50,27 56,27 54,4.4,2784 04A
723,Kalpurwa Khola,कलपुर्वा खोेला,83 4,83 3,27 10,27 9,2.25,2783 12B
724,Kamaltari Khola,कमलटारी खोला,84 9,84 9,28 12,28 11,2,2884 13B
725,Kami Khola,कामी खोला,84 1,84 2,28 3,28 2,3.35,2884 13C
726,Kamlung Khola,कामलुङ खोला,85 8,85 9,28 7,28 5,3.7,2885 13
727,Kanchan Khola,कन्चन खोला,83 18,83 6,27 48,27 41,16.4,2783 06A
728,Kanchan River,कञ्चन नदि,83 16,83 20,27 41,27 35,23,2783 06A
729,Kang Khola,कङ खोला,83 1,83 0,28 33,28 31,4.3,2883 05
730,Kanha Khola,कन्हा खोला,84 0,83 7,27 0,27 9,7.85,2783 12B
731,Kaphile Khola,कफ्mिले खोला,83 18,83 18,28 2,28 1,1.75,2883 14C
732,Kapraudi Khola,कप्राउदी खोला,83 51,83 52,27 59,27 58,3.3,2783 04A
733,Karadi Khola,करादी खोला,83 44,83 43,27 58,27 57,3.7,2783 03B
734,Karai Khola,कराइ खोला,83 46,83 46,28 21,28 19,3.5,2883 12A
735,Karanti Khola,करन्ती खोला,84 31,84 31,28 11,28 12,1.9,2884 15A
736,Karasti Khola,करस्ती खोला,84 16,84 15,27 56,27 57,2,2784 02A
737,Karaudi Khola,करौदी खोला,82 45,82 44,27 53,27 51,3.25,2782 03D
738,Karbu Khola,कर्बु खोला,84 10,84 11,28 20,28 18,5.9,2884 09D
739,Kari Khola,कारी खोला,83 3,83 2,28 24,28 23,2.8,2883 09A
740,Karman Khola,कुर्मान खोला,83 25,83 25,27 48,27 46,3.7,2783 06B
741,Karsyangdi Khola,कस्र्याङदी खोला,84 20,84 22,28 6,28 5,5.8,2884 14C
742,Kasi Khola,काशी खोला,84 52,84 52,27 47,27 48,2.95,2784 04C
743,Kaskam Khola,कस्कम खोला,-,-,-,-,2.5,2883 06
744,Kaste Khola,कस्टे खोला,84 54,84 49,28 2,28 3,8.9,2784 16
745,Kasyu Khola,कस्यु खोला,83 52,83 53,28 24,28 23,3.5,2883 12B
746,Katarghen+Guija Khola,कटरघें+गुइजा खोला,83 12,83 15,28 37,28 35,7.8,2883 05
747,Katbate Khola,कट्रवटे खोला,84 32,84 33,28 7,28 6,1.7,2884 15C
748,Kate Khola,काटे खोला,82 53,82 54,28 17,28 15,3.35,2882 12D
749,Kathaphor Nala,कठफोर नाला,83 22,83 22,27 26,27 27,3.8,2783 10B
750,Kathe+Tangram Khola,काठे+तङराम खोला,83 31,83 37,28 18,28 15,16.05,2883 11C
751,Katui Khola,कटुई खोला,83 60,83 59,28 9,28 8,2.15,2883 16B
752,Katuwa +Bordi Khola,कटुवा +र्बाेदी खोला,84 15,84 16,27 52,27 53,3.4,2784 02C
753,Katuwa Khola,कटुवा खोला,84 20,84 20,28 4,28 3,2.1,2884 14C
754,Kaudi Khola,कौदी खोला,84 42,84 43,27 50,27 49,4.45,2784 03D
755,Kaule Khola,काउले खोला,84 38,84 39,27 45,27 48,7.55,2784 03D
756,Kaune Khola,काउने खोला,83 45,83 44,28 12,28 110,2.9,2883 15B
757,Kawadi Khola,कवादी खोला,84 21,84 20,27 49,27 49,3.8,2784 02C
758,Kechakyu Glacier,केचक्यू खोला,84 24,84 28,28 43,28 39,10.1,2884 06
759,Keduwa Khola,केदुवा खोला,83 16,83 18,27 59,27 57,8.35,2783 02A
760,Kekyop Khola,केक्योप खोला,83 43,83 41,29 13,29 12,5.45,2983 15B
761,Kerun Khola,केरुन खोला,84 6,84 7,27 41,27 37,9,2784 05C
762,Kerunga Khola,केरुङ्ग खोला,-,-,-,-,14,2784 05B
763,Keudi Khola,केउदि खोला,84 15,84 16,27 50,27 50,2.2,2784 02C
764,Kewadi Khola,केवादी खोला,83 41,83 40,28 16,28 15,2.95,2883 11D
765,Keware Khola,केवारे खोला,83 45,83 47,28 5,28 6,4.95,2883 16C
766,Kewari Khola,केवरी खोला,83 6,83 55,28 25,28 24,3.5,2883 12A
767,Khabang Khola,खावाङ्ग खोला,-,-,-,-,3.2,2883 06
768,Khachi Khola,खाची खोला,83 8,83 13,27 59,27 57,14.35,2783 01B
769,Khade Khola,खाडे खोला,83 55,83 55,28 13,28 11,2.4,2883 16B
770,Khadkepani Khola,खड्केपानी खोला,8 9,84 19,28 5,28 4,2.2,2884 14C
771,Khageri Khola,खगेरी खोला,84 9,84 10,27 5,27 8,18.8,2784 06B
772,Khahare Khola,खहरे खोला,-,-,-,-,-,2783 08D
773,Khahare Khola,खहरे खोला,83 53,83 53,28 15,28 15,0.95,2883 16B
774,Khahare+Durlek Khola,खहरे+दुर्लेक खोला,-,-,-,-,8.55,2883 10A
775,Khahun Khola,काँहु खोला,84 1,84 2,28 15,28 13,6.3,2884 13A
776,Khair Khola,खैर खोला,83 5,83 7,27 9,27 1,3.35,2783 12B
777,Khairahawa Khola,खैरहवा खोला,82 40,82 38,27 47,27 49,6.77,2782 03D
779,Khakara Khola,खकरा खोला,83 45,83 47,27 43,27 41,-,2783 08A
780,Khali Khola,खाली खोला,82 57,82 55,28 29,28 30,5.95,2882 12B
781,Khalle Khola,खाल्ले खोला,83 27,83 28,28 11,28 8,5.7,2883 14B
782,Khalte Khola,खाल्टे खोला,83 46,83 47,28 4,28 5,2.6,2883 16C
783,Khaltu Khola,खल्तु खोला,84 40,84 42,27 56,27 55,4.2,2784 03B
784,Khame Khola,खामे खोला,-,-,-,-,4.4,2883 06
785,Khamiungar Khola,खामीउङ्गर खोला,-,-,28 52,28 46,17.1,2884 02
786,Khanar Khola,खनार खोला,84 24,84 24,28 10,28 8,3.35,2884 14B
787,Khanchok Khola,खानचोक खोला,84 43,84 45,28 3,28 1,4.15,2884 15D
788,Khani khola,खानी खोला,83 0,83 0,28 3,28 3,1.8,2883 13A
789,Khanjare+Ringdi Khola,खहरे रिङ्दी खोला,83 49,83 50,28 7,28 5,5.65,2883 16C
790,Khar Khola,खार खोला,83 13,83 12,27 52,27 50,3.55,2783 01D
791,Khar Khola,खार खोला,84 36,84 33,28 5,28 6,6.75,2884 15C
792,Kharbang Khola,र्खर्षाङ्ग खोला,83 21,83 19,28 8,28 7,2.05,2883 14C
793,Khare Khola,खरे खोला,83 38,83 38,27 43,27 41,4.7,2783 07B
794,Kharimbang Khola,खारीम्बाङ खोला,82 51,82 49,28 37,28 35,7.1,2882 08
795,Kharjyau Khola,खञ्र्याङ खोला,83 18,83 18,28 1,27 58,8.2,2783 02A
796,Kharma Khola,खर्मा खोला,83 0,83 1,28 16,28 15,4.25,2883 09C
797,Kharsung + indrabang Khola,खर्सुङ र इन्द्रबाङ खोला,82 59,82 55,28 35,28 34,7.6,2882 08
798,Khas+Pharen Khola,खास+फरेन खोला,83 7,83 8,27 56,27 57,3.35,2783 01B
799,Khatauti Khola,खटौटी खोला,84 43,84 36,27 46,27 49,5.1,2784 03D
800,Khatri Khola,खत्री खोला,84 21,84 22,28 4,28 3,5.6,2884 14C
801,Khaule Khola,काउले खोला,83 19,83 21,27 48,27 47,5.65,2783 06A
802,Kher Khola,खेर खोला,84 31,84 4,28 1,28 0,7.6,2884 15C
803,Kheyas Khola,खेयस खोला,-,-,-,-,9.1,2883 06
804,Khirkhadi Khola,खिरखादी खोला,84 19,84 19,27 57,27 55,4.2,2784 02A
805,Khohare Khola,खहरे खोला,84 36,84 7,28 5,28 2,5.5,2884 15C
806,Khola Kharka Khola,खोला खर्क खोला,83 37,83 37,27 59,27 58,2.75,2783 03A
807,Kholakharka Khola,खोलाखर्क खोला,-,-,-,-,4.9,2883 06
808,Kholakhet Khola,खोलाखेत खोला,84 31,84 32,27 60,27 59,3.1,2784 03A
809,Kholang Khola,खोलाङ खोला,83 45,83 42,28 27,28 26,5.65,2883 11B
810,Kholkhole Khola,खोलखोले खोला,84 38,84 38,27 60,27 59,2.8,2784 03B
811,Khopa+Budha+Bhat Khola,खोपा वुढा भाट खोला,83 49,83 53,28 13,28 9,11.25,2883 16A
812,Khopti Khola,खोप्टी खोला,83 24,83 24,28 23,28 24,4.15,2883 10B
813,Khor Khola,खोर खोला,83 53,83 54,27 32,27 34,5.95,2783 08D
814,Khorandi Khola,खोराङदी खोला,83 51,83 52,27 43,27 41,3.65,2783 08A
815,Khukyu Khola,खुक्यू खोला,83 60,83 58,29 18,29 15,6.5,2983 12D
816,Khunkhani Khola,खुङखानी खोला,83 12,83 13,28 28,28 24,13.2,2783 09B
817,Khurmode Khola,खुर्मोदे खोला,84 29,84 7,28 14,28 14,2.95,2884 14B
818,Khurpa Khola,र्खुपा खोला,83 6,83 8,28 5,28 6,3.3,2785 06D
819,Khurpe+Lidi Khola,खुर्पे+लिर्दी खोला,83 50,83 53,28 18,28 19,5.35,2883 12C
820,Khursani Khola,खुर्सानी खोला,83 53,83 54,27 43,27 41,3.7,2783 08B
821,Kimling Khola,किमलिङ खोला,83 55,83 59,29 14,29 13,5.8,2983 16A
822,Kimrong Khola,किम्रोङ खोला,83 46,83 50,28 25,28 24,6.8,2883 12A
823,Kingtang Khola,किङताङ खोला,85 0,84 58,28 1,28 2,-,2784 16
824,Kipaj Khola,किपाज खोला,82 56,82 55,28 21,28 22,3.6,2882 12D
825,Kirauli Khola,किरौली खोला,83 1,83 2,28 284,-,4.25,2883 09A
826,Kirinche Khola,किरिन्चे खोला,84 20,84 23,28 11,28 10,4.85,2884 14A
827,Kisedi Khola,किसेदी खोला,84 32,84 30,28 13,28 12,5.4,2884 15A
828,Kiune Khola,किउने खोला,83 52,83 53,28 25,28 25,3.1,2883 12B
829,Koilahawa River,कोइलहवा नदी,83 20,83 17,27 34,27 27,28.1,2783 09B
830,Kondre Khola,कोन्द्रे खोला,83 4,83 3,27 47,27 41,15.8,2783 05A
831,Kone Khola,कोने खोला,83 59,83 58,28 48,28 45,5.2,2883 04
832,Kone+Tloran Khola,कोने+त्लोरङ खोला,83 58,84 0,28 45,28 41,9.6,2883 08
833,Konjoki Khola,कोनजि खोला,83 45,83 46,28 4,28 54,1.6,2883 04
834,Korban Khola,कोरबन खोला,83 1,83 2,28 5,28 15,1.85,2883 13A
835,Kordi Khola,कोर्दी खोला,83 23,83 24,27 60,27 7,6.65,2783 02B
836,Kori Khola,कोरी खोला,83 32,83 32,28 15,28 16,1.4,2883 11C
837,Kothi River,कोठी नदी,83 14,83 13,27 27,27 25,11,2783 09B
838,Kotre Khola,कोत्रे खोला,84 7,84 5,28 7,28 6,2.85,2884 13C
839,Koya Khola,कोया खोला,83 4,83 3,28 7,28 8,1.85,2785 06D
840,Kradi Khola,कर्दीखोेला,84 31,84 31,28 14,28 15,2.05,2884 15A
841,Kri Khola,क्री खोला,84 34,84 35,28 10,28 9,3.45,2884 15A
842,Kuibang Khola,कुइबाङ खोला,83 55,83 53,28 21,28 21,4.15,2883 12D
843,Kuine Khola,कुइने खोला,-,-,-,-,0.6,2883 06
844,Kuine+Marang Khola,कुइने+मराङ खोला,83 26,83 23,28 30,28 28,7.35,2883 10B
845,Kukum Khola,कुकुम खोला,83 47,83 45,28 49,28 48,5.2,2883 08
846,Kukung Khola,कुकुङ खोला,83 20,83 18,28 9,28 9,4.7,2883 14A
847,Kukurdi Khola,कुकुर्दी खोला,84 23,84 23,27 55,27 54,2,2784 02B
848,Kumal Khola,कुमाल खोला,83 39,83 40,28 13,28 12,2.7,2883 15B
849,Kumar Khola,कुमार खोला,83 59,83 57,27 47,27 49,5.35,2783 04D
851,Kumle Khola,कुम्ले खोला,84 6,84 6,28 3,28 1,3.95,2884 13C
852,Kunaban Khola,कुनावाङ्ग खोला,-,-,-,-,8.5,2883 06
853,Kunaru Khola,कुनरु खोला,83 5,83 5,27 43,27 41,5.3,2783 05A
854,Kundang Khala,कुन्डङ खोला,84 38,84 37,28 9,28 10,2.1,2884 15A
855,Kune Khola,कुने खोला,83 52,83 54,28 12,28 11,1.75,2883 16B
856,Kunhara Nala,कुन्हरा नाला,83 19,83 20,27 27,27 26,2.95,2783 10A
857,Kurman Khola,कुमनि खोला,83 26,83 25,27 49,27 48,3.9,2783 02D
858,Kurtibang Khola,कुर्तिबाङ खोला,82 54,82 56,28 18,28 16,6.85,2882 12D
859,Kurun Khola,कुरुङ खोला,83 28,83 28,27 52,27 54,6.3,2783 02D
860,Kurung Khola,कुखङ खोला,83 28,83 29,27 53,27 56,9.6,2783 02B
861,Kusum Khola,कुसुम खोला,82 59,82 57,27 49,27 49,5.7,2782 04D
862,Kusum+Chakaldi,कुसुम+चकल्दी खोला,83 26,83 30,27 51,27 49,10.8,2783 02D
863,Kusunde Khola,कुसुण्डे खोला,84 38,84 38,28 4,28 3,2.5,2884 15D
864,Kutiya Khola,कुतिया खोला,83 28,83 27,27 34,27 32,5.2,2783 10B
865,Kuwadi Khola,कुवाडी खोला,84 24,84 24,27 48,27 47,3.4,2784 02D
866,Kuyale Khola,कुयले खोला,84 35,84 35,28 9,28 8,2.05,2884 15A
867,Kyadusyo Khola,क्यादुस्यो खोला,84 3,84 7,28 27,28 25,7.4,2884 09A
868,Kyalungpa Khola,क्यालुङपा खोला,83 0,83 46,28 54,28 54,6.1,2883 04
869,Kyangdi Khola,क्याङदी खोला,84 0,84 5,28 2,28 1,10.7,2884 13C
870,Kyaudi Khola,क्याउदी खोला,84 12,84 11,28 13,28 12,3.1,2884 13B
871,Kyongu Khola,क्योङगु खोला,85 7,85 5,28 30,28 31,4.6,2785 05
872,Labde+Deupara Khola,लब्दे+देउपारा खोला,83 3,83 2,28 6,28 7,4.25,2785 06D
873,Labdi Khola,लब्दी खोला,83 20,83 17,28 16,28 15,6,2883 10C
874,Labdi Kholoa,लब्दी खोला,83 15,83 14,28 13,28 13,1.05,2883 13B
875,Labse Khola,लाब्से खोला,84 7,84 11,28 51,28 45,18.1,2884 01
876,Ladi Khola,लादी खोला,84 38,84 40,28 8,28 6,5.45,2884 15D
877,Lakang Khola,लकाङ खोला,84 30,84 29,28 1,28 1,2.95,2884 14D
878,Lamachaur Khola,लामाचौर खोला,83 10,83 12,28 28,28 24,10.95,2783 09B
879,Lamahe+Lapsi Khola,लमाटे+लप्सी खोला,83 43,83 38,28 8,28 9,12.4,2883 15B
880,Lambu Khola,लम्बु खोला,84 46,84 46,27 50,27 49,3.25,2784 04C
881,Lamdi Khola,लम्दी खोला,83 48,83 50,27 51,27 48,6.3,2783 04C
882,Lamphi Khola,लम्फि खोला,-,-,-,-,4.9,2883 06
883,Lang+Mardi Khola,लङ+मार्दी खोला,83 44,83 40,28 2,28 3,7.9,2883 15D
884,Langdang Khola,लाङदाङ खोला,85 6,85 0,28 24,28 28,14.7,2885 09
885,Langdi Khola,ला«ङदी खोला,84 36,84 37,28 14,28 10,9.75,2884 15A
886,Langle Khola,लङले खोला,83 12,83 14,28 34,28 35,4.4,2883 05
887,Languriya Khola,लङगुरिया खोला,83 18,83 19,27 46,27 41,11.7,2783 06A
888,Lanjam Glacier,लन्जम हिमनदी,84 37,84 41,28 29,28 30,-,2884 11
889,Lapa Khola,लापा खोला,85 0,85 2,28 11,28 10,4.9,2885 13
890,Lapang Khola,लपाङ खोला,84 59,84 55,28 0,28 0,,2784 16
891,Lape Khola,लापे खोला,83 9,83 8,27 53,27 53,3,2783 01D
892,Lapse Khola,लप्से खोला,84 11,84 14,28 45,28 40,11.7,2884 05
893,Larem Khola,लारेम खोला,84 38,84 34,27 58,27 58,2.35,2784 03A
894,Larke Khola,लार्के खोला,84 2,84 38,28 41,28 39,10.8,2884 07
895,Lasti  Khola,लास्ती खोला,83 99,83 38,28 17,28 18,4.3,2883 11D
896,Lasti Khola,लस्ती खोला,83 56,83 56,28 21,28 18,6.95,2883 12D
897,Lata Khola,लाटा खोला,83 49,83 50,28 6,28 5,4.4,2883 16C
898,Laukaha Khola,लौकाहा खोला,-,-,-,-,4.7,2784 05B
899,Launwa Khola,लांैवा खोला,83 36,83 37,28 8,28 7,1.55,2883 15C
900,Laurek Khola,लौरेक खोला,83 54,83 54,28 15,28 14,1.1,2883 16B
901,Lausi Khola,लउसी खोला,83 30,83 28,27 34,27 31,9.1,2783 10B
902,Lebade+Tuni Khola,लेवादे+टुनी खोला,83 48,83 47,28 14,28 12,4.9,2883 16A
903,Lebarchu Danda,लेबार्चु डाँडा,8 4,84 35,28 11,28 11,1.4,2884 15A
904,Lete Khola,लेते खोला,84 50,84 49,27 57,27 57,3.5,2784 04A
905,Lhanhimar Khola,ल्हानहिमर खोला,83 36,83 37,28 59,28 54,11.9,2883 03
906,Lhumar chhusu Khola,लमार छुसु खोला,83 57,83 58,29 19,29 20,3.25,2983 12D
907,Lidi Khola,लिर्दा खोला,83 46,83 45,28 15,28 16,3,2883 12C
908,Lidur Chhidur Khola,लिदुर छिदुर खोला,83 48,83 46,28 30,28 25,10.5,2883 12A
909,Ligur Khola,लिगुर खोला,84 9,84 11,28 17,28 17,3.35,2884 09D
910,Linguriya River,लिङगुरीया नदी,83 19,83 20,27 41,27 37,11.2,2783 06A
911,Linki Khola,लिङकी खोला,84 10,8 10,28 16,28 15,3.55,2884 09D
912,Lisne Khola,लिस्ने खोला,85 5,85 2,28 7,28 8,7,2885 13
913,Lisnu Khola,लिस्नु खोला,83 40,83 42,28 18,28 18,3.75,2883 11D
914,Listi Khola,लिस्ति खोला,83 3,83 3,28 5,28 6,2.15,2785 06D
915,Liuwase Khola,लिवासे खोला,83 5,83 1,28 4,28 2,7.9,2785 06D
916,Lodo Khola,लोदो खोला,84 35,84 32,28 16,28 16,6,2884 11
917,Loha Khola,लोहा खोला,84 10,84 15,28 51,28 45,14.8,2884 01
918,Longang Glacier,लोङगङ हिमनदी,85 11,-,28 33,-,-,2785 05
919,Lubdi Khola,लुब्दी खोला,83 45,83 47,28 4,28 2,7.2,2883 16C
920,Ludi Khola,लुदी खोला,84 40,84 38,27 59,27 57,8.5,2784 03B
921,Lukharban Khola,लुखरबन खोला,83 18,83 15,28 22,28 21,6.1,2883 10C
922,Lukum Khola,लुकुम खोला,82 55,82 53,28 29,28 29,4.55,2882 12B
923,Lukurban Khola,लुकुरबन खोला,83 15,83 11,28 21,-,8.4,2883 09D
924,Lumbare Khola,लुम्बारे खोला,83 36,83 35,28 3,28 2,4.25,2883 15C
925,Lumbas Khola,लुमबास खोला,83 26,83 24,27 50,27 50,4,2783 02D
926,Lumdi Khola,लुम्दी खोला,83 30,83 28,28 1,28 0,4.1,2883 14D
927,Lung Khola,लुङ खोला,82 56,82 56,28 16,28 15,3.2,2882 12D
928,Lungdi Khola,लुङदी खोला,83 39,83 38,28 20,28 20,3,2883 11D
929,Lupu Khola,लुपु खोला,84 29,84 27,28 7,28 6,3.8,2884 14D
930,Lyad Khola,ल्याड खोला,83 17,83 19,27 54,27 53,3.35,2783 02A
931,Machha Khola,माछा खोला,84 48,84 53,28 15,28 14,11.5,2784 16
932,Machyangdi Khola,मच्याङदी खोला,84 52,84 51,27 50,27 50,3,2784 04C
933,Madari Khola,मदारी खोला,83 53,83 55,27 31,27 32,5.85,2783 08D
934,Madhur Khola,मधुर खोला,82 52,82 48,27 50,27 48,12.62,2782 04C
935,Madi Khola,माडी खोला,82 53,82 57,27 58,27 56,9.45,2782 04B
936,Madi Nadi,मादी खोला,84 7,84 5,28 27,28 15,26.8,2884 09A
937,Madi Nadi,मादी खोला,84 5,84 15,28 2,28 0,4.4,2884 14C
938,Madkyu Khola,मडक्यु खोला,84 9,84 8,28 22,28 22,2.3,2884 09B
939,Madme Khola,मद्मे खोला,84 13,84 7,28 28,28 25,12.5,2884 09B
940,Magar Khola,मगर खोला,84 7,84 9,27 5,27 5,7.2,2784 06A
941,Maha Khola,मह खोला,84 24,84 23,28 5,28 3,2.2,2884 14D
942,Mahabhir Khola,माहाभिर खोला,84 36,84 35,28 14,28 12,3.7,2884 15A
943,Mahabhir+Bhalne Khola,महभिर + भल्ने खोला,83 7,83 7,28 29,-,4.2,2883 09A
944,Mahabhir+Bhusi Khola,महभिर + भुजी खोला,83 1,83 8,28 28,-,18.85,2883 09A
945,Mahabir Khola,महाबीर खोला,83 41,83 45,28 21,28 23,5.85,2883 11D
946,Mahati Khola,महाती खोला,83 37,83 36,27 28,27 34,9.95,2783 07C
947,Mahaun River,महौं नदी,83 36,83 37,27 28,-,-,2783 11A
948,Mahisob Khola,महिसोव खोला,84 17,84 19,27 46,27 45,4.4,2784 02C
949,Mailung Khola,मैलुङ खोला,85 13,85 13,28 15,28 4,23.1,2885 13
950,Mainahar Khola,मैनाहार खोला,82 52,82 53,27 45,27 41,11.02,2782 08B
951,Majhkuna Khola,माझकुना खोला,84 1,84 0,28 19,28 18,-,2884 09C
952,Majuma Khola,मजुवा खोला,84 21,84 23,28 12,28 13,-,2884 14A
953,Majuwa Khola,मजुवा खोला,84 23,84 23,28 14,28 14,1.8,2884 14B
954,Makare Khola,मकरे खोला,84 18,84 17,28 5,28 6,2.7,2884 14C
955,Makunde Khola,मुकुण्डे खोला,83 50,83 50,27 55,27 53,3.9,2783 04A
956,Malampar Khola,मलम्पर खोला,-,-,-,-,1.3,2883 06
957,Malayagiri+Bhalu+Baluwa khola,मलायागिरी+भालु+बालुला खोला,83 3,83 2,28 1,28 8,13.55,2883 13A
958,Malekhu Khola,मलेखु खोला,84 49,84 50,27 45,27 50,8.65,2784 04C
959,Malka Khola,मल्का खोला,83 26,83 27,28 26,28 28,5.25,2883 10B
960,Malong Khola,मालोङ खोला,84 48,84 50,28 10,28 13,6.1,2784 16
961,Malyangdi+Budhunga Khola,मल्याङदी+बुढुङ्गा खोला,83 45,83 41,28 11,28 12,9.3,2883 15B
962,Manara Khola,मनरा खोला,83 0,82 59,28 26,28 25,2.6,2882 12B
964,Manda Khola,मान्डा खोला,84 10,84 10,28 6,28 4,4.85,2884 13D
965,Mandre Khola,मान्द्रे खोेला,83 11,83 10,27 53,27 50,6.2,2783 01D
966,Mandriniya Sota,मन्द्रिनिया सोता,82 40,82 39,27 47,27 49,4.55,2782 03D
967,Mangale Khola,मंगले खोला,83 57,83 58,28 23,28 22,2.85,2883 12D
968,Mangpang Khola,माङपाङ खोला,84 54,84 50,28 6,28 4,13.5,2784 16
969,Mangrang + Mauti Khola,माङराङ र माउती खोला,84 39,84 42,27 46,27 46,5.85,2784 03D
970,Mangtang Khola,माङटाङ्ग खोला,84 47,84 52,28 8,28 8,7.9,2784 16
971,Mankhu+Chyangdi Khola,मान्खु+च्याङदी खोला,83 43,83 45,28 1,28 0,4.4,2883 15D
972,Mannu Khola,मन्नु खोला,84 7,84 6,28 5,28 3,3.7,2884 13C
973,Manohar Khola,मनोहरा खोला,82 52,82 55,27 41,27 39,4.12,2782 08D
974,Mapchi Khola,माप्ची खोला,84 10,84 5,29 11,29 11,12,2984 13
975,Marahi Khola,मरही खोला,-,-,-,-,0,2784 05B
976,Marandhas+ Tribeni+Bhaise Khola,मरनधास+त्रिवेणी+भैसेक,83 27,83 25,27 52,27 54,8.5,2783 02D
977,Maraungdi Khola,मारुङदी खोला,84 46,84 48,27 46,27 46,4.25,2784 04C
978,Mardi Khola,मर्दी खोला,83 53,83 56,28 23,28 18,13.6,2883 12D
979,Marghyuna Khola,मर्घयुना खोला,83 46,83 45,28 44,28 45,3.2,2883 08
980,Marmera Khola,मरमेरा खोला,83 38,83 39,27 46,27 49,2.95,2783 07B
981,Marsandi Khola,म¥स्याङदी खोला,83 46,83 47,27 46,27 47,4.3,2783 08A
982,Marsi Khola,मर्सी खोला,84 19,84 19,28 5,28 5,2.1,2884 14C
983,Marsyagndi Nadi,मस्र्याङदी नदी,84 15,84 2,28 33,28 30,15.1,2884 06
984,Marsyandi Nadi,मस्याङदी नदी,83 55,84 0,28 43,28 40,10.4,2883 08
985,Marsyangdi Khola,मस्र्याङदी खोला,83 29,83 26,28 19,28 16,7.4,2883 10D
986,Marthi Khola,मर्थि खोला,83 11,83 11,27 34,27 27,18.45,2783 05D
987,Marthi River,मर्थी नदी,83 10,83 9,27 41,27 34,14.45,2783 05D
988,Maryan Khola,मर्याङ खोला,83 13,83 12,28 5,28 6,1.45,2883 13D
989,Maryang+Araudi Khola,मर्याङ+अराउदी खोला,83 11,83 11,28 4,28 6,3.85,2883 13D
990,Mas Khola,मस खोला,82 58,82 58,28 32,28 30,4.5,2882 08
991,Masdi Khola,मास्दी खोला,84 18,84 20,27 52,27 53,3.8,2784 02C
992,Masel Khola,मसेल खोला,84 43,84 39,28 3,28 3,7.4,2884 15D
993,Maste Khola,मस्ते खोला,84 49,84 45,27 57,27 57,9.1,2784 04A
994,Matyangri Khola,मटयाङ्ग्र्री खोला,84 21,84 19,28 2,28 3,4.1,2884 14C
995,Maudi Khola,मौदी खोला,84 45,84 49,28 3,28 3,8,2784 16
996,Mauja Khola,मौजा खोला,83 47,83 45,28 21,28 21,2.95,2883 12C
997,Mauri Khola,मौरी खोला,84 9,84 9,28 15,28 14,3.1,2884 13B
998,Mausuli Khola,माउसुली खोला,83 56,83 57,28 10,28 8,3.45,2883 16B
999,Mauwa Khola,मौवा खोला,84 38,84 40,27 49,27 50,4.85,2784 03D
1000,Mawi Khola,मावी खोला,84 52,84 51,27 50,27 51,2.45,2784 04C
1001,Melakharka Khola,मेलाखर्क खोला,-,-,-,-,4.1,2883 06
1002,Menehet Khola,मेनेहेत खोला,85 6,85 5,28 12,28 12,3.5,2885 13
1003,Meru Khola,मेरु खोला,84 27,84 26,27 54,27 53,3.4,2784 02B
1004,Meu Khola,मेउ खोला,84 18,84 19,2 10,28 9,1.7,2884 14A
1005,Midhi Khola,मिधी खोला,83 24,83 25,28 8,28 7,2.1,2883 14D
1006,Midim Khola,मिदिम खोला,84 15,84 17,28 20,28 15,1107,2884 10C
1007,Mirbi Khola,मिर्बी खोला,84 30,84 29,28 5,28 5,1.15,2884 14D
1008,Mirdi Khola,मिर्दि खोला,84 3,84 30,28 4,28 5,4.1,2884 15C
1009,Mirdunga Khola,मिरदुङ्गा खोला,-,-,-,-,3.5,2784 05B
1010,Mirlung Khola,मिर्लुङ खोला,84 1,84 19,28 6,28 6,3.5,2884 14C
1011,Miujet Khola,मिउजेत खोला,84 55,84 53,28 12,28 13,5.5,2784 16
1012,Mobir Khola,मोविर खोला,83 1,83 3,28 20,28 22,6.25,2883 09C
1013,Modi Khola,मोदी खोला,83 57,83 54,28 34,28 30,10.1,2883 08
1014,Moha Khola,मोहा खोला,-,-,-,-,2.1,2883 06
1015,Mordisyo Khola,मोर्दिस्यु खोला,-,-,-,-,-,2884 09C
1016,Morpani Khola,मोरपानी खोला,83 9,83 10,82 28,28 30,3.8,2783 09B
1017,Mristi+Ghalemdi Khola,म्रिष्टी+घलेम्दी खोला,83 45,83 40,28 32,28 31,13.4,2883 07
1018,Mruju Khola+ Lyapche Himtal,म्रुज खोला+ल्याप्चे हिमाल,84 24,84 15,28 43,28 41,14.2,2884 06
1019,Mudi Khola,मुडी खोला,-,-,-,-,7.3,2883 06
1020,Mukhaban + Ral Khola,मुखाबन र राल खोला,82 57,82 52,28 44,28 43,10.2,2882 08
1021,Mukot Khola,मुकोट खोला,83 29,83 20,28 52,28 52,20.7,2883 02
1022,Mukunde Khola,मुकुन्दे खोला,-,-,-,-,8.3,2784 05B
1023,Mulung Khola,मुलुङ खोला,83 30,83 32,28 54,28 57,5.9,2883 03
1024,Mungre Khola,मुंङ्गेखोला,84 15,84 16,28 12,28 13,-,2884 14A
1025,Murali Khola,मुरली खोला,83 60,83 56,27 46,27 44,11.5,2783 08B
1027,Musal Nala,मुसल नाला,83 2,83 1,27 31,27 27,9.2,2783 05C
1028,Muse Khola,मुसे खोला,84 26,84 24,28 2,-,3.95,2884 14D
1029,Muse+Swagdi Khola,मुसे+स्वाग्दी खोला,84 19,84 18,27 58,27 59,3.7,2784 02A
1030,Musti Khola,मुस्ती खोला,84 26,84 23,27 56,27 54,7.4,2784 02B
1031,Musung+Arje Khola,मुसुङ+अर्जे खोला,83 29,83 30,28 20,28 22,5.6,2883 10D
1032,Mutahawa Nala+Kothi River,,83 12,83 13,27 34,27 27,20.4,2783 05D
1033,Muthachaur Danda,मुठाचौर डाँडा,83 10,83 10,28 26,28 25,3.65,2783 09B
1034,Myagd Khola,म्याग्द खोला,84 8,84 8,28 2,28 1,6.5,2884 13D
1035,Myagde Khola,म्याग्दे खोला,84 0,84 5,28 1,28 0,5.85,2884 13C
1036,Myagdi Khola,म्याग्दी खोला,83 23,83 30,28 29,28 23,21.5,2883 10B
1037,Myang Khola,म्याङ खोला,83 54,83 54,28 4,28 1,9.6,2883 16D
1038,Nacha Khola,नचा खोला,84 13,84 9,28 26,28 22,11.2,2884 09B
1039,Nada Khola,नादा खोला,85 4,85 6,28 0,28 1,4.5,2885 13
1040,Nadi Khola,नादी खोला,84 30,84 24,28 24,28 19,14.2,2884 10B
1041,Nagbeli Khola,नागबेली खोला,83 20,83 22,28 23,28 21,3.7,2883 10C
1042,Nagdi Khola,नग्दी खोला,84 36,84 35,27 50,27 52,6,2784 03C
1043,Nahala Khola,नाहाला खोला,84 22,84 23,27 57,27 58,2.1,2784 02A
1044,Nair Khola,नाइर खोला,83 23,83 23,28 14,28 12,4.45,2883 14B
1045,Naisar Khola,नाइसर खोला,84 28,84 27,28 7,28 6,3.15,2884 14D
1046,Naktang Khola,नाक्टाङ खोला,83 45,83 43,29 7,29 8,4.65,2983 15C
1047,Naldi Khola,नल्दी खोला,84 22,84 22,27 49,27 52,6.2,2784 02C
1048,Nale Khola,नाले खोला,84 14,84 14,28 57,28 60,7,2884 01
1049,Namdi + Tanguwak Khola,नाम्दी+रङगुुवा खोला,83 49,83 48,28 12,28 10,5.1,2883 16A
1050,Namili Khola,नामिली खोला,83 25,83 24,28 21,28 19,4.5,2883 10D
1051,Namta Khola,नम्त खोला,84 12,84 9,28 56,28 59,9.6,2884 01
1052,Namuje Glacier+ Soti Khola,नामुजे सोेती खोला,84 18,84 15,28 37,28 36,6.8,2884 06
1053,Nanakyu Khola,नानाक्यूु खोला,84 19,84 19,28 30,28 32,3.5,2884 06
1054,Nar Khola,नार खोला,84 15,84 16,28 34,28 33,2.5,2884 06
1055,Narayan Khola,नारायण खोला,84 3,84 3,27 5,27 2,9.2,2784 06B
1056,Narayani  Nadi,नारायणी नदी,84 3,84 5,27 1,27 8,17.15,2784 06A
1057,Narayani (Sapta Gandaki) Nadi,नारायणी नदी,-,-,-,-,19.2,2784 05B
1058,Narayani Nadi,नारायणी नदी,84 0,83 58,27 33,27 30,20.55,2783 08D
1059,Narayani River,नारायणी नदी,83 57,83 51,27 27,27 21,18.1,2783 12C
1060,Narayani Saptagandaki Nadi,नारायणी सप्त गण्डकी नदी,84 5,84 3,27 5,27 1,10.8,2784 06B
1061,Narja Khola,नर्जा खोला,-,-,-,-,4.2,2883 06
1062,Naudi Khola,नाउदी खोला,84 25,84 25,28 2,28 1,2.1,2884 14D
1063,Naule+Harpan Khola,नौले+हर्पन खोला,83 50,83 53,28 13,28 15,8.1,2883 16A
1064,Naundi Khola,नाँउदी खोला,84 21,84 23,28 8,28 8,3.45,2884 14A
1065,Neware Khola,नेवारे खोला,83 29,83 29,28 25,28 23,4.2,2883 10B
1066,Niare Khola,नियारे खोला,83 21,83 19,27 54,27 53,3.6,2783 02A
1067,Nilgiri Khola,निलगिरी खोला,83 46,83 45,28 41,28 37,9.9,2883 08
1068,Nimran Khola,निम्राङ खोला,84 47,84 53,28 19,28 15,-,2884 12
1069,Nirgupanche Khola,निरगुपन्चे खोला,83 56,83 58,28 29,28 27,4.8,2883 12B
1070,Nisdi Khola,निस्दी खोला,83 55,83 57,27 48,27 52,13.45,2783 04D
1071,Nisi Khola,निसी खोला,82 58,83 0,28 26,28 25,4.05,2882 12B
1072,Nisti Khola,निष्ति खोला,83 8,83 15,28 14,27 10,24.8,2883 13B
1073,Niware Khola,निवारे खोला,83 7,83 8,27 54,27 53,3.55,2783 01D
1074,North Annapurna Glacier,उत्तर अन्नपुर्ण हिमनदी,83 47,83 52,28 38,28 37,8.9,2883 08
1075,Nudung Khola,नुदुङ खोला,82 53,82 53,28 36,28 39,5.8,2882 08
1076,Nyab Khola,न्याब खोला,83 23,83 22,28 11,28 12,3.65,2883 14A
1077,Nyamnyam Khola,न्यामन्याम खोला,85 8,85 12,28 5,28 5,7,2885 13
1078,Odan Khola,ओदान खोला,83 55,-,28 21,-,-,2883 12D
1079,Odar Khola,ओडार खोला,84 36,84 35,27 56,27 57,2.4,2784 03A
1080,Okhale Khola,ओखले खोला,84 2,84 22,28 6,28 4,3.5,2884 14C
1081,Okhma Khola,ओख्मा खोला,82 51,82 47,28 38,28 36,6.5,2882 08
1083,Olangpogyung+Thini Khola,ओलाङपोघ्युङ+ठिनी खोला,83 50,83 45,28 45,28 46,9.9,2883 04
1084,Olha Khola,ओल्हा खोला,83 9,83 8,27 59,27 57,4.25,2783 01B
1085,Olmu Khola,ओल्मु खोला,84 4,84 5,28 22,28 20,-,2884 09C
1086,Onthan Khola,ओन्थान खोला,-,-,-,-,2.4,2883 06
1087,Ospa Khola,ओस्पा खोला,83 37,83 38,27 53,27 54,3.3,2783 03D
1088,Osyang Khola,ओस्याङ खोला,84 29,84 29,28 14,28 15,2.55,2884 14B
1089,Pa Khola,पा खोला,83 47,83 45,28 34,28 32,6.2,2883 08
1090,Pachgaun Khola,पाचगाउँ खोला,84 43,84 44,28 14,28 13,295,2884 15B
1091,Pada Khola,पाडा खोला,-,-,-,-,3.4,2883 06
1092,Padmcha Khola,पदमचा खोला,84 35,84 37,28 15,28 15,4.35,2884 15A
1093,Pagi Khola,पागी खोला,-,84 27,28 14,28 14,4.3,2884 14B
1094,Pahili Khola,पहीली खोला,83 18,83 17,27 46,27 41,13.4,2783 06A
1095,Pahire Khola,पहिरे खोला,-,-,-,-,-,2784 16
1096,Paira Khola,पैरा खोला,-,-,-,-,3.9,2883 06
1097,Paire Khola,पैरे खोला,84 29,84 27,28 13,28 13,3.35,2884 14B
1098,Paire+Raudi Khola,पैरे+रौदी खोला,83 31,83 38,28 11,28 11,15.65,2883 15A
1099,Pairha Khola,पैह्रा खोला,83 34,83 36,28 26,28 26,3.6,2883 11A
1100,Paiyun Khola,पैयुँ खोला,83 34,83 36,28 11,28 10,3.4,2883 15A
1101,Pajeri+Bangi Khola,पजेरी+बाङ्गी खोला,83 6,83 8,28 4,28 1,8.7,2785 06D
1102,Pakhri Khola,पाख्री खोला,84 52,84 53,27 7,27 56,2.8,2784 04A
1103,Palaiche Khola,पलैचे खोला,84 15,84 13,28 17,28 6,4,2884 09D
1104,Pallo Khahare Khola,पल्लो खहरे खोला,83 57,83 57,28 20,28 19,4.1,2883 12D
1105,Pallo Khola,पल्लो खोला,83 42,83 41,28 10,28 10,2.15,2883 15B
1106,Palung Khola,पालुङ खोला,83 33,83 35,28 8,28 5,7.7,2883 15C
1107,Palyato Khola,पल्याटो खोला,82 56,82 56,28 36,28 34,5.1,2882 08
1108,Pamardi Khola,पामर्दी खोला,84 19,84 19,27 59,27 58,2,2784 02A
1109,Pan Khola,पान खोला,84 41,84 38,27 53,27 52,3.3,2784 03D
1110,Panahagad khola,पानाहगाड खोला,83 5,83 7,28 3,28 7,21.85,2883 13A
1111,Panahgad Khola,पानाहगड खोला,83 7,83 14,28 6,28 7,17.55,2883 13D
1112,Pancha Nadi,पञ्च नदी,84 0,83 6,27 7,27 9,9.1,2783 12B
1113,Panchedhara Khola,पंचेधारा खोला,83 5,83 6,28 4,28 5,2.75,2785 06D
1114,Panda Khola,पान्डा खोला,83 52,83 46,28 45,28 48,12.9,2883 04
1115,Pandar Khola,पन्दर खोला,83 40,83 39,28 22,28 23,4.1,2883 11D
1116,Pande Khola,पाण्डे खोला,84 16,84 16,28 8,28 6,4.6,2884 14C
1117,Pandhera Khola,पँधेरा खोला,84 11,84 10,28 2,28 0,3.5,2884 13D
1118,Pandhra Khola,पन्ध्र खोला,84 15,84 13,28 13,28 12,4,2884 13B
1119,Pandur Khola,पन्दुर खोला,83 38,83 39,28 23,28 23,2.6,2883 11B
1120,Panera Khola,पनेरा खोला,82 57,82 57,28 22,28 19,7.05,2882 12D
1121,Pang Khola,पाङ खोला,83 45,83 46,28 49,28 49,2,2883 04
1122,Pangpu Khola,पाङपु खोला,83 42,83 37,28 41,28 38,11.6,2883 07
1123,Pangre Khola,पाङ्गे्र खोला,83 36,83 35,28 14,28 12,2.7,2883 15A
1124,Pangri Glacier,पाङग्री हिमनदी,84 23,-,28 47,-,10.9,2884 02
1125,Panjin Khola,पङजिङ खोला,83 3,83 3,28 5,28 6,4.4,2785 06D
1126,Panthe Khola,पन्थे खोला,-,-,-,-,4.9,2883 06
1127,Parangche Khola,परङचे खोला,83 43,83 45,28 19,28 20,2.95,2883 11D
1128,Pardi Khola,पार्दी खोला,83 58,83 58,28 12,28 11,1.25,2883 16B
1129,Parkyu Khola,पार्कयू खोला,84 31,84 31,28 14,28 12,3.2,2884 15A
1130,Parsye Khola,र्पस्यृ खोला,84 10,84 6,29 3,29 0,14.4,2984 13
1131,Pashupati Khola,पशुपती खोला,84 42,84 40,27 52,27 51,5.6,2784 03D
1132,Paste Khola,पास्ते खोला,84 10,84 13,28 11,28 10,5.9,2884 13B
1133,Patale+Badahare Khola,पात्ले+बडहरे खोला,83 18,83 15,27 51,27 50,9.15,2783 02A
1134,Patan Khola,पाटन खोला,83 4,83 8,28 7,28 7,8.75,2785 06D
1135,Patauti Khola,पटाउटी खोला,83 10,83 11,28 3,28 4,2.55,2883 13D
1136,Patharedhunga Bilaudi Khola,पत्थरेढुङ्गा विलौदी खोला,83 58,83 58,28 10,28 9,3.5,2883 16B
1137,Pati Khola,पाती खोला,83 40,83 45,28 20,28 16,11.5,2883 11D
1138,Pati Khola,पाती खोला,83 49,83 50,28 8,28 8,3.5,2883 16A
1139,Patkane Khola,पत्कने खोला,83 9,83 12,28 37,28 37,6.5,2883 05
1140,Patku Khola,पत्कु खोला,84 4,84 6,28 23,28 20,5.65,2884 09C
1141,Patle Khola,पात्ले खोला,84 39,84 38,28 10,28 11,3.15,2884 15B
1142,Patle+Khagabesi Khola,पात्ले+खागाबेसी खोला,83 1,83 0,28 5,28 1,12.55,2785 06D
1143,Patle+Sarad Khola,पात्ले+सराद खोला,83 46,83 47,28 13,28 10,6.1,2883 16A
1144,Pau Khola,पउ खोला,83 53,83 53,28 21,28 21,0.8,2883 12D
1145,Paudha Khola,पौध खोला,82 44,82 45,27 43,27 38,9.15,2782 07B
1146,Paudi Khola,पौदी खोला,83 10,83 10,27 56,27 57,2.95,2783 01B
1147,Pauko Khola,पाउको खोला,84 45,84 44,28 15,28 15,1.45,2884 15B
1148,Paundi Khola,पाउँदी खोला,,84 19,28 5,28 4,4,2884 14C
1149,Paundure Khola,पाँउदुरे खोला,84 35,84 36,27 54,27 53,3.45,2784 03A
1150,Pauni Khola,पाउनी खोला,83 56,83 54,28 9,28 9,1.55,2883 16B
1151,Payar Khola,पयर खोला,84 11,84 13,28 1,28 1,4.15,2884 13D
1152,Pelma Khola,पेल्मा खोला,82 58,82 45,28 42,28 38,33.6,2882 08
1153,Pering+Gaundi Khola,पेरीङ+गांैदी खोला,83 30,83 25,28 11,28 13,11.05,2883 14B
1154,Perunge Khola,पेरुङगे खोला,84 45,84 46,27 60,27 58,4,2784 04A
1155,Phache Khola,फ्mाचे खोला,83 54,83 55,28 43,28 41,7,2883 08
1156,Phachyangdi Khola,फचयाङदी खोला,84 36,84 36,27 56,27 57,3.45,2784 03A
1157,Phaguni Khola,फ्mागुनी खोला,83 1,83 1,28 34,28 30,7.4,2883 05
1158,Phar Khola,फ्mार खोला,83 26,83 22,28 56,28 52,11.9,2883 02
1159,Phaudi Khola,फाउदी खोला,83 42,83 43,28 0,27 59,4.35,2783 03B
1160,Phedi Khola,फेदी खोला,84 46,84 46,27 60,27 59,2.8,2784 04A
1161,Phedi+Gadi Khola,फेदी + गादी खोला,83 6,83 7,28 29,-,13.4,2883 09A
1162,Phirke Khola,फिर्के खोला,83 58,83 58,28 15,28 12,7.35,2883 16B
1163,Phokse Khola,फ्mोक्से खोला,83 11,83 12,28 39,28 37,4.5,2883 05
1164,Phoksing Khola,फोक्सिङ खोला,84 30,84 29,28 6,28 5,2.8,2884 14D
1165,Phu Khola,फु खोला,84 22,-,28 50,28 45,18.8,2884 02
1166,Phuchung Khola,फुचुङ खोला,85 11,85 6,28 33,28 35,8.3,2785 05
1167,Phujel Khola,फुजेल खोला,84 42,84 44,27 55,27 56,5.7,2784 03B
1168,Phurbadhyapsa Khola,फुर्बाध्याप्सा खोला,84 40,84 42,28 34,28 35,4.4,2884 07
1169,Phurdung Khola,फुर्दुङ खोला,83 1,83 3,28 28,-,3.45,2883 09A
1170,Phurse Khola,फ्mुर्से खोला,83 37,83 35,28 21,28 20,4.55,2883 11C
1171,Phusre Khola,फुसे्र खोला,84 8,84 7,28 7,28 7,2.6,2884 13C
1172,Pidalna+Sang Khola,पिडाल्ना+साङ खोला,83 33,83 32,28 13,28 15,4.6,2883 15A
1173,Pidi Khola,पिडी खोला,83 41,83 39,27 59,28 0,4.7,2783 03B
1174,Pidi Khola,पिडी खोला,83 38,83 37,28 1,28 1,1.05,2883 15C
1175,Pilinge Khola,पिलिङ्गे खोला,83 51,83 53,28 22,28 22,3.25,2883 12C
1176,Pipari Khola,पिपरी खोला,82 41,82 40,27 53,27 51,3.55,2782 03D
1177,Pirura River,पिरुरा नदी,83 45,83 42,27 34,-,14.9,2783 11B
1178,Pisti Khola,पिस्ती खोला,84 15,84 14,28 9,28 8,2.8,2884 13B
1179,Plesidhu Khola,प्लेसिधु खोला,84 2,84 5,28 20,28 20,-,2884 09C
1180,Polon Khola,पोलाें खोला,83 51,83 52,28 29,28 28,2.5,2883 12A
1181,Ponkar Glacier,पोङ्कार हिमाल,84 27,84 28,28 43,28 39,7.1,2884 06
1182,Poshyop Glacier,पोस्योप हिमनदी,85 8,-,28 32,-,-,2785 05
1183,Praganna Khola,प्रगन्ना खोला,82 44,82 42,27 50,27 50,3.67,2782 03D
1184,Pranka Khola,प्रङका खोला,82 48,82 47,28 33,28 35,5.1,2882 08
1185,Prem Khola,प्रेम खोला,84 41,84 40,27 50,27 49,2.8,2784 03D
1186,Prou Khola,प्रोउ खोला,84 6,84 7,28 22,28 21,2.55,2884 09C
1187,Pudi Khola,पुडी खोला,84 4,84 5,28 7,28 5,3.65,2884 13C
1188,Puma Khola,पुमा खोला,84 20,84 23,28 13,28 14,4.3,2884 14A
1189,Pungen Glacier,पुङगेन हिमनदी,84 37,84 40,28 33,28 34,7.2,2884 07
1190,Purba Khola,पुर्वा खोला,83 51,83 46,27 45,27 48,10.3,2783 08A
1191,Purdi Glacier,पुर्दी हिमताल,-,-,-,-,-,2884 07
1192,Purdi Khola,पुर्दी खोला,84 31,84 30,28 37,28 36,2.8,2884 07
1193,Purne Khola,पुर्ने खोला,83 6,83 8,28 17,28 18,4.3,2883 09C
1194,Pusaha Khola,पुसहा खोला,83 41,83 40,27 40,27 34,15.65,2783 07D
1195,Putha Khola,पठा खोला,82 47,82 45,27 59,27 57,4.75,2782 04A
1196,Puyung Khola,पुयुङ खोला,84 7,84 0,29 2,29 6,13.4,2984 13
1197,Pyakjilin Khola,प्याकजिलिङ खोला,84 38,84 39,27 45,27 45,2.75,2784 03D
1198,Pyardi Khola,प्यार्दी खोला,84 30,84 27,28 10,28 9,6.25,2884 14B
1199,Pyaudi Khola,प्याउदी खोला,84 30,84 26,28 60,27 59,9.3,2784 02B
1200,Pyaudi+Phudi Khola,प्याउदी+फ्mुदी खोला,84 24,84 23,27 56,27 56,4.4,2784 02B
1201,Pyuri Khola,प्यरी खोला,83 57,84 0,28 8,28 7,6.75,2883 16D
1202,Radi Khola,रादी खोला,84 28,84 25,23 26,28 24,7.5,2884 10B
1203,Rahale Khola,राहाले खोला,84 3,84 3,28 7,28 6,2.25,2884 13C
1204,Rahale+Darau Khola,राहाले+ दरौ खोला,83 45,83 48,28 7,28 4,12.35,2883 16C
1205,Rajpur Khola,राजपुर खोला,83 25,83 23,27 44,27 41,7.55,2783 06B
1206,Raksi Khola,रक्सी खोला,84 15,84 13,28 15,28 14,4.7,2884 13B
1207,Ramati Khola,रामती खोला,84 19,84 19,28 2,28 0,3.15,2884 14C
1208,Ramche Khola,रामचे खोला,84 21,84 17,28 12,28 12,6.5.,2884 14A
1209,Ramdi Agaha Khola,राम्दी अगाहा खोला,83 42,-,27 51,27 54,13.35,2783 03D
1210,Ramli Khola,रामली खोला,82 50,82 50,28 32,28 34,5.2,2882 08
1211,Ramu Khola,रामु खोला,83 59,83 57,27 44,27 43,3.8,2783 08B
1212,Rana Khola,राना खोला,83 13,83 12,28 9,-,2.15,2883 13B
1213,Rangdi Khola,रान्दी खोला,84 35,84 34,27 56,27 55,2.55,2784 03A
1214,Rangjung Khola,राङजुङ खोला,83 4,83 4,28 15,28 16,2.45,2883 09C
1215,Rangle Khola,राङले खोला,82 53,82 49,27 51,27 52,7.57,2782 04C
1216,Rangsing Khola,रङशिङ खोला,82 53,82 45,27 48,27 49,18.5,2782 04C
1217,Rangtangri Khola,राङताङ्ग्री खोला,84 20,84 20,27 59,27 58,2.5,2784 02A
1218,Rani Khola,रानी खोला,84 7,84 7,27 2,27 2,2.5,2784 06A
1219,Rani Odar,रानी ओडार,83 10,-,27 51,-,-,2783 01D
1220,Rani Pokhari,रानी पोखरी,83 49,-,28 3,-,-,2883 16C
1221,Raniyapur Kulo,रनियापुर कुलो,82 41,82 35,27 50,27 50,10.5,2782 03D
1222,Ranrung Khola,रानरुङ खोला,84 45,84 43,28 11,28 11,4,2884 15B
1223,Ransin Khola,राङसिङ खोला,82 57,82 51,27 49,27 48,13.37,2782 04D
1224,Rapti Nadi,राप्ती नदी,82 48,82 45,27 53,27 50,12,2782 04C
1225,Ras Khola,रस खोला,83 46,83 48,27 57,27 59,2.9,2783 04A
1226,Rate Khola,राते खोला,-,-,-,-,4.1,2784 05B
1227,Rati Khola,राती खोला,83 45,83 44,28 16,28 15,2.5,2883 11D
1228,Ratmata Kharare Khola,रातामाटा खहरे खोला,83 54,83 53,27 38,27 36,4.35,2783 08D
1229,Ratopani Khola,रातोपानी खोला,-,-,-,-,3.8,2883 06
1230,Raudi Khola,रौदी खोला,84 28,84 30,27 54,27 56,5.8,2784 02B
1231,Raughat Khola,राउघाट खोला,83 31,83 34,28 30,28 23,17.1,2883 11A
1232,Raughat+Thulo Khola,राउघाट+ठलो खोला,83 32,83 31,28 39,28 30,-,2883 07
1233,Rawan Khanda River,रावण खण्ड नदी,83 39,83 40,27 34,-,4.6,2783 11B
1234,Rega Khola,रेगा खोला,84 19,84 17,28 16,28 15,3.5,2884 10C
1235,Regya Khola,रेज्ञा खोला,84 28,84 26,28 34,28 36,5.8,2884 06
1236,Rele Khola,रेले खोला,83 45,83 42,28 30,28 30,7.05,2883 11B
1237,Reu Khola,रेउ खोला,84 15,84 10,27 31,27 34,-,2784 05D
1238,Ri Khola,रि खोला,82 59,82 58,28 28,28 26,4.6,2882 12B
1239,Richet Khola,रिचेत खोला,84 57,84 54,28 15,28 10,11.6,2784 16
1240,Ridhi Khola,रिढी खोला,84 27,84 28,28 2,28 1,2.5,2884 14D
1241,Ridi Khola,रिडी खोला,83 14,83 22,27 56,27 57,28.5,2783 02A
1242,Rig Khola,रिग खोला,82 53,82 55,28 31,28 34,4.3,2882 08
1243,Rigdi Khola,रिग्दी खोला,84 39,84 38,27 48,27 49,3.35,2784 03D
1244,Rigdi Nadi,रिग्दी नदी,84 30,84 30,27 49,27 49,1.9,2784 02D
1245,Rijung Chwan Khola,रिजुङ च्वाँ खोला,84 3,84 1,28 51,28 52,4.6,2884 01
1246,Rijung Khola,रिजुङ खोला,84 0,84 1,28 49,28 52,6.6,2884 01
1247,Rijung Prama Khola,रिजुङ प्रमा खोला,84 3,84 1,28 51,28 52,4.6,2884 01
1248,Rinai Khola,रिनै खोला,83 53,83 55,27 36,27 33,10.5,2783 08D
1249,Ringdi Khola,रिङदी खोला,84 31,84 33,28 58,27 59,2.95,2784 03A
1250,Ripu Khola,रिपु खोला,83 44,83 43,28 3,28 5,3.55,2883 15D
1251,Ripure khola,रिपुरे खोला,83 2,83 3,28 0,28 9,5.4,2883 13A
1252,Risti Khola,रिस्टी खोला,84 15,84 14,28 5,28 5,2.25,2884 13D
1253,Rithe Khola,रिठे खोेला,83 37,83 36,27 51,27 50,3.95,2783 03C
1254,Ritthe + Marbang + Gamari Khola,"रिठ्ठे, मर्वाङ र गमरी खोला",82 45,82 47,28 45,28 40,12.6,2882 08
1255,Ritthe Khola,रिठ्ठे खोला,83 50,83 51,27 55,27 53,4.9,2783 04A
1256,Ritung Khola,रितुङ खोला,83 3,83 23,28 25,28 25,0.8,2883 10B
1257,Roban+Nayaban Khola,रोबन+नयाबन खोला,82 58,82 59,28 23,28 24,4.75,2882 12B
1258,Rogdi Khola,रोग्दी खोला,84 36,84 35,27 56,27 57,3.6,2784 03A
1259,Rohani River,रोहेणी नदी,83 33,83 32,27 37,27 34,13,2783 07C
1260,Rohini Khola,रोहीनी खोला,83 31,83 33,27 41,27 38,12.05,2783 07C
1261,Rohini River,रोहिणी नदी,83 32,83 30,27 34,-,-,2783 11A
1262,Rongma Khola,रोङमा खोला,82 57,82 54,27 58,27 58,4.27,2782 04B
1263,Rudi Khola,रुदी खोला,84 11,84 13,28 18,28 15,6.55,2884 09D
1264,Ruhachaur Khola,रुहचौर खोला,-,-,-,-,4.2,2883 06
1265,Ruii Khola,रुई खोला,82 47,82 46,28 30,28 32,5.7,2882 08
1266,Rum Khola,रुम खोला,-,-,-,-,3.65,2883 10A
1267,Rupse Khola,रुप्से खोला,83 35,83 38,28 35,28 33,-,2883 07
1268,Rusunde Khola,रुसुन्डे खोला,83 20,83 20,28 15,28 13,3.95,2883 14A
1269,Ruyam Khola,रुयम खोला,82 59,82 59,28 35,28 38,6,2882 08
1270,Sabandi Nadi,साबन्दी नदी,84 17,84 17,27 51,27 50,2.4,2784 02C
1271,Sabani Khola,सबनी खोला,83 19,83 21,28 16,28 16,7.05,2883 10C
1272,Sabje Khola,सब्जे खोला,84 4,84 5,28 35,28 38,11.6,2884 05
1273,Sadbang Khola,साधबाङ खोला,-,-,-,-,4.1,2883 10A
1274,Sadhi Khola,साँधी खोला,84 36,84 34,28 5,28 8,5.8,2884 15C
1275,Sadi Khola,साडी खोला,83 57,83 54,27 47,27 47,7.45,2783 08B
1276,Sagbari+Dajung+Ritung Khola,सागबारी+दाजुङ+रितुङ खोला,-,-,-,-,11.25,2883 10A
1277,Sage Khola,सागे खोला,84 15,84 16,27 59,27 59,1.7,2784 02A
1278,Saha Khola,साहा खोला,84 44,84 42,28 9,28 8,3.7,2884 15B
1279,Sahu Khola,साहु खोला,83 19,83 18,28 2,28 2,1.3,2883 14C
1280,Saiti Khola,सैती खोला,83 56,83 53,28 24,28 22,6.9,2883 12B
1281,Sakhar Khola,साखर खोला,84 10,84 12,28 10,28 8,6.5,2884 13B
1282,Sakhaura Khola,सखौरा खोला,83 45,83 44,27 35,27 34,3.05,2783 07D
1283,Sakindhara Khola,साकिनधारा खोला,83 5,83 6,28 4,28 5,2.6,2785 06D
1284,Salbu Khola,साल्बु खोला,85 12,85 7,28 37,28 37,10.6,2785 05
1285,Salde Khola,साल्दे खोला,84 10,84 5,29 13,29 11,8.6,2984 13
1286,Salimarang Khola,शालीमराङ खोला,84 26,84 26,28 9,28 8,2.7,2884 14B
1287,Salpudanda Glacier,साल्पुडाँडा हिमताल,84 30,84 28,84 41,28 38,5.5,2884 06
1288,Samarkyung Khola,समरक्युङ खोला,83 45,83 50,28 58,28 57,9.8,2883 04
1289,Samdhi Khola,सम्धी खोला,83 48,83 49,28 8,28 9,3.45,2883 16A
1290,Samdi Khola,साम्दी खोला,84 23,84 23,27 54,27 54,0.9,2784 02B
1291,Samjonj+Tunu Khola,सम्जोङ+तुनु खोला,84 3,84 0,29 15,29 12,7.2,2984 13
1292,Samno Khola,साम्नो खोला,84 60,84 55,28 15,28 15,9.7,2784 16
1293,Sampas Khola,सम्पास खोला,83 45,83 45,27 56,27 55,2.4,2783 04A
1294,Sand Khola,साँद खोला,84 48,84 49,27 52,27 51,3.5,2784 04C
1295,Sandi Khola,साँदी खोला,84 29,84 29,28 14,28 12,3.75,2884 14B
1296,Sang Khola,साङ खोला,83 30,83 31,28 19,28 18,3.45,2883 11C
1297,Sangar Khola,साङ्गार खोला,84 45,84 44,28 12,28 13,2.75,2884 15B
1298,Sange Khola,साँगे खोला,84 8,84 14,28 6,28 0,21.2,2884 13D
1299,Sangre + Ranma Khola,साङगे्र र रन्मा खोला,82 52,82 52,28 44,28 41,6.6,2882 08
1300,Sanjen Khola,सान्जेन खोला,85 12,85 15,28 21,28 18,10.4,2885 09
1301,Sano + Budha Khola,सानो र बुढा खोला,84 43,84 43,27 51,27 48,5.35,2784 03D
1302,Sano Khahare,सानो खहरे,83 54,83 55,27 38,27 36,3.75,2783 08D
1303,Sansare Khola,संसारे खोला,83 41,83 39,28 24,28 24,5.25,2883 11B
1304,Sapaude Khola,सपौदे खोला,83 33,83 35,28 11,28 10,3.3,2883 15A
1305,Saran Khola,सराङ खोला,83 35,83 33,27 41,27 38,12.25,2783 07C
1306,Saraudi Khola,सरौदी खोला,84 0,84 4,28 8,28 4,12.75,2884 13C
1307,Saraundi Khola,साराउँदी खोला,83 54,84 0,28 8,28 8,11.35,2883 16B
1308,Sardewa+Bhaise+Tribeni Khola,त्रिवेणी खोला,83 26,83 24,27 53,27 57,12.45,2783 02B
1309,Sardi Khola,सार्दी खोला,84 4,84 0,28 24,28 21,11,2884 09A
1310,Sariban Khola,सारीबन खोला,82 55,82 55,28 23,28 22,1.45,2882 12D
1311,Sarlung Khola,सार्लुङ खोला,84 32,84 33,28 8,28 9,2.2,2884 15A
1312,Sarpa Khola,सर्पा खोला,82 55,82 57,28 24,28 26,5.5,2882 12B
1313,Sarpu Khola,सर्पु खोला,85 1,85 1,28 30,28 28,3.8,2885 09
1314,Sasaha Khola,ससहा खोला,84 52,84 53,27 51,27 53,3.2,2784 04A
1315,Satbudri Khola,सतबुद्री खोला,-,-,-,-,10.55,2783 12A
1316,Satbudri Nala,सतबुद्री नाल,-,-,-,-,22.5,2783 12A
1317,Satgadhi Khola,सतगढी खोला,83 27,83 24,27 42,27 41,4.7,2783 06B
1318,Satmure Khola,सात्मुरे खोला,83 24,83 26,27 57,27 56,3,2783 02B
1319,Sau Khola,साउ खोला,84 41,84 44,28 14,28 13,6.2,2884 15B
1320,Saudi Khola,साउदि खोला,84 16,84 16,27 49,27 50,4.1,2784 02C
1321,Saule Khola,साउले खोला,8 7,84 6,28 5,28 3,5,2884 13C
1322,Saune Khola,साउने खोला,82 59,82 58,28 28,28 27,3.4,2882 12B
1323,Saunepani Khola,साउनेपानी खोला,83 15,83 14,28 1,28 1,1.3,2883 14C
1324,Saunephani Khola,साउनेपानी खोला,83 15,83 14,28 1,28 1,1.3,2883 14C
1325,Sauni Khola,साउनी खोला,84 44,84 44,27 49,27 48,2.15,2784 03D
1326,Saure Khola,सौरे खोला,82 53,82 52,28 45,28 44,3.6,2882 08
1327,Saure+Bulaudi Khola,सउरे+बुलौदी खोला,83 58,83 58,28 14,28 12,3.6,2883 16B
1328,Sawdi Khola,सव्दी खोला,84 24,84 4,28 7,28 8,3,2884 14D
1329,Sechi + Ponkyu Khola,सेची र पोङक्यु खोला,83 37,83 42,28 49,28 45,10.7,2883 03
1330,Sen Khola,सेन खोला,82 59,82 58,28 45,28 42,7.9,2882 08
1331,Serang Khola,सेरङ खोला,84 46,84 47,28 30,28 32,5,2884 08
1332,Seri Khola,सेरी खोला,83 13,83 13,27 1,27 59,4.6,2783 01B
1333,Serma Khola,सेर्मा खोला,83 15,83 15,28 23,28 23,1.1,2783 09B
1334,Setang Khola,सेताङ खोला,84 15,84 15,27 56,27 56,1.6,2784 02A
1335,Seti Khola,सेती खोला,84 1,84 0,28 30,28 26,9.2,2884 09A
1336,Seti Khola,सेती खोला,83 53,83 51,28 9,28 8,6.45,2883 16A
1337,Seti Nadi,सेती नदी,84 0,83 58,28 26,28 23,7.3,2883 12B
1338,Seti Nadi,सेती नदी,83 59,84 0,28 15,28 10,10.5,2883 16B
1339,Seti+Resung Khola,सेती+रेसुङ खोला,83 15,83 15,28 5,28 6,2.7,2883 14C
1340,Shikhar Khola,शिखर खोला,84 39,84 39,27 52,27 52,1.9,2784 03D
1341,Shyauliban Khola,स्याउलीबन खोला,82 57,82 56,28 19,28 16,4.75,2882 12D
1342,Sibdi Khola,सिब्दी खोला,83 34,83 38,28 5,28 2,6.9,2883 15D
1343,Sicha Phui Khola,सिचा फ्mुई खोला,83 60,83 60,29 16,29 15,3,2983 12D
1344,Sichaphui Khola,सिचाफ्mुइ खोला,84 1,84 0,29 17,29 16,2,2984 09
1345,Siddhartha Rajmarga A48,सिद्धार्थ राजमार्ग,83 40,83 38,27 55,27 51,16.05,2783 03D
1346,Sidhane khola,सिधाने खोला,83 48,83 50,28 14,28 14,3.7,2883 16A
1347,Sidhartha Rajmarg,शिदार्थ राजमार्ग,83 47,83 53,28 0,28 6,27.45,2883 16C
1348,Sidi Khola,सिदि खोला,83 42,83 39,27 53,27 54,5.5,2783 03D
1349,Silin khola,सिलिङ खोला,82 58,82 51,27 51,27 51,11.97,2782 04D
1350,Siling Khola,सिलिङ खोला,84 35,84 33,27 54,27 54,4.25,2784 03A
1351,Silli Khola,सिल्ली खोला,84 30,84 29,27 57,27 56,4.1,2784 02B
1352,Simaldi Purwa Khola,सिमल्दी खोला,83 42,83 45,27 50,27 50,6.55,2783 03D
1353,Simara Khola,सिमरा खोला,84 48,84 50,28 5,28 5,3.7,2784 16
1354,Simari Khola,सिमरी खोला,82 42,82 42,27 47,27 49,4.42,2782 03D
1355,Simle Khola,सिम्ले खोला,82 52,82 51,27 57,27 55,5.37,2782 04A
1356,Simreni Khola,सिमे्रनी खोला,84 1,84 1,27 41,27 39,3.1,2784 05C
1357,Simudar Khola,सिमुदर खोला,83 10,83 9,28 34,28 30,10,2883 05
1358,Singdi Khola,सिङदी खोला,83 20,83 19,28 48,28 52,8.7,2883 02
1359,Singkos Khola,सिङ्गकोस खोला,-,-,-,-,4.2,2883 06
1360,Sira khola,सिरा खोला,83 4,83 5,28 3,28 2,3.05,2883 13A
1361,Sirai Khola,सिरै खोला,84 38,84 39,27 46,27 45,2,2784 03D
1362,Sirkhu+Puwadhuni Khola,सिर्खु+पुवाधुनी खोला,83 29,83 26,28 19,28 16,9.6,2883 10D
1363,Sirmaban Khola,सिर्माबन खोला,82 59,82 58,28 28,28 27,4.3,2882 12B
1364,Sisa Khola,सिसा खोला,84 20,84 19,28 0,27 60,2.7,2784 02A
1365,Sisar Khola,सिसार खोला,83 15,83 15,27 58,27 56,3.3,2783 02A
1366,Sisika Khola,सिसिका खोला,83 25,83 23,27 34,-,7.2,2783 10B
1367,Sisne Khola,सिस्ने खोला,83 13,83 13,27 52,27 54,4.55,2783 01D
1368,Sisneri Khola,सिस्नेरी खोला,84 24,84 4,28 2,28 1,2.4,2884 14D
1369,Sit Khola,सित खोला,82 59,82 56,27 53,27 54,7.85,2782 04D
1370,Sit+Bhimal khola,सित खोला+भिमल खोला,83 10,83 7,27 54,27 52,7.6,2783 01D
1371,Siti Khola,सिती खोला,84 15,84 13,28 11,28 11,3.6,2884 13B
1372,Siudi Khola,सिउदी खोला,83 59,83 56,27 51,27 51,4.75,2783 04D
1373,Siuri Khola,सिउरी खोला,84 30,84 28,28 21,28 21,3.5,2884 10D
1374,Siyar Khola,सियार खोला,85 15,85 0,28 30,28 28,10,2885 09
1375,Siyari River,सिपारी नदी,83 26,83 23,27 38,27 34,11.35,2783 06B
1376,Sodi Khola,सोदी खोला,83 6,83 25,28 3,28 2,2.95,2883 14D
1377,Sokraha Khola,सोक्राहा खोला,82 42,82 42,27 46,27 49,5.25,2782 03D
1378,Solugung Khola,सोलुगुङ खोला,85 2,85 3,28 39,28 38,3.8,2785 05
1379,Somahar+Magata Khola,शोमहर+मगता खोला,83 25,83 22,27 52,27 51,9,2783 02D
1380,Songjo Glacier,सोङजोे हिमनदी,85 1,-,28 37,-,-,2785 05
1381,Sota Khola,सोता खोला,83 11,83 11,28 4,28 4,1.1,2883 13D
1382,Sota Nala,सोता नाला,82 56,82 57,27 34,27 30,7.4,2782 12B
1383,Soti Khola,सोती खोला,84 30,84 29,28 11,28 9,2.3,2884 14B
1384,Soto Khola,सोतो खोला,84 5,84 3,28 13,28 13,4.4,2884 13A
1385,Subarna + Jaluke Khola,सुवणर््ा+जलुके खोला,83 9,83 9,27 53,27 51,5.45,2783 01D
1386,Sude Khola,सुदे खोला,84 18,84 18,28 4,28 3,2.4,2884 14C
1387,Sugure Khola,सुगुरे खोला,82 49,82 47,28 33,28 32,3.7,2882 08
1388,Suidar+Khum Khola,सुइदार+खुम खोला,83 45,83 43,28 9,28 10,5.1,2883 15B
1390,Sukaura Khola,सुकौरा खोला,84 40,84 39,27 56,27 57,3.8,2784 03B
1391,Sukha+Rangsing Khola,सुखा+राङसिङ खोला,83 15,83 15,28 19,28 17,4.85,2883 10C
1392,Sukhali River,सुखली नदी,83 7,83 22,27 41,27 37,12.25,2783 06B
1393,Sukhaura Khola,सुकौरा खोला,83 30,83 33,27 41,27 38,10.2,2783 07C
1394,Sukhuwa Khola,सुखुवा खोला,85 51,82 50,27 57,27 55,5.25,2782 04A
1395,Sukla Khola,सुक्ला खोला,82 43,82 43,27 45,27 42,6.8,2782 07B
1396,Sukli Khola,सुक्ली खोला,82 38,82 39,27 44,27 43,3.42,2782 07B
1397,Sukurdung Khola,सुकुरदुङ खोला,83 5,83 4,28 27,28 26,2.8,2883 09A
1398,Sumre Khola,सुमे्र खोला,83 51,83 51,28 4,28 5,4.15,2883 16C
1399,Sunai River,सुनै नदी,83 52,83 52,27 40,27 39,1.35,2783 08C
1400,Sundar+Araudi Khola,सुन्दर अरोदी खोला,83 55,83 53,28 5,28 6,6.55,2883 16D
1401,Sundare Khola,सुन्दरे खोला,83 42,83 43,28 15,28 14,3.45,2883 15B
1402,Sundarijal Khola,सुन्दरीजल खोला,84 12,84 14,28 6,28 6,5.5,2884 13D
1403,Supa Khola,सुपा खोला,83 8,83 8,27 54,27 54,1.65,2783 01D
1404,Surahi Khola,सुरही खोला,82 49,82 50,27 41,27 34,17.6,2782 08C
1405,Surahi River,सुरही खोला,82 46,82 44,27 38,27 36,7.2,2782 08C
1406,Surai Khola,सुराइ खोला,82 52,82 49,27 47,27 41,16.42,2782 08A
1407,Suri khola,सुरी खोला,82 49,82 1,27 46,27 45,6065,2782 04C
1408,Surse+Lubdi Khola,सुर्से+लुब्दी खोला,83 44,83 45,28 4,28 3,3.6,2883 15D
1409,Surung Khola,सुरुङ खोला,84 11,84 13,27 30,27 32,-,2784 05D
1410,Susel+Mardi Khola,सुसेल खोला+मार्दी खोला,83 55,83 53,28 28,28 23,11.2,2883 12B
1411,Suti Glacier +Suti Khola,सुती हिमताल+सुती खोला,84 22,84 25,28 42,28 35,15.2,2884 06
1412,Syaklung Kot Danda,स्याक्लुङ खोट डाँडा,84 10,-,28 11,-,-,2884 13B
1413,Syakpa Glacier,स्याक्पा हिमनदी,85 1,-,28 33,-,-,2785 05
1414,Syali Khola,स्याली खोला,84 16,84 16,28 12,28 11,,2884 14A
1415,Syalle Khola,स्याल्ले खोला,84 41,84 38,28 13,28 13,3.85,2884 15B
1416,Syang Khola,स्याङ खोला,83 38,83 38,28 51,28 46,13.8,2883 03
1417,Syangcha Glacier,स्याङचा हिमनदी,84 34,84 37,28 36,28 39,7.1,2884 07
1418,Syangdi Khola,स्याङदी खोला,84 34,84 31,27 49,27 50,6.8,2784 03C
1419,Syani Khola,स्यानो खोला,83 30,83 31,83 34,28 32,-,2883 07
1420,Syano Khola,स्यानो खोला,-,-,-,-,2.3,2883 06
1421,Syano Nadi,स्यानो नदी,82 42,82 38,27 50,27 50,9.42,2782 03D
1422,Syar Khola,स्यार खोला,85 7,85 5,28 37,28 30,14.1,2785 05
1423,Syaude Khola,स्याउदे खोला,84 23,84 23,28 6,28 8,2.55,2884 14D
1425,Syauli Khola,स्याउली खोला,82 41,82 41,27 45,27 43,3.4,2782 07B
1426,Sydaul Khola,स्यादुल खोला,84 48,84 46,27 47,27 47,2.75,2784 04C
1427,Tadi Khola,तादी खोला,84 28,84 29,27 57,27 56,3.4,2784 02B
1428,Tago Khola,तगो खोला,84 13,84 11,2 21,28 18,6.9,2884 09D
1429,Takrenso Khola,तकें्रसो खोला,84 18,84 18,28 35,28 33,3.9,2884 06
1430,Tal Khola,ताल खोला,83 25,83 27,27 59,27 57,6.2,2783 02B
1431,Talitre Khola,तलित्रे खोला,-,-,-,-,3.4,2883 06
1432,Tam Khola,तम खोला,83 25,83 23,28 11,28 8,8,2883 14B
1433,Taman Khola,तमान खोला,83 15,83 12,28 24,28 23,9.05,2783 09B
1434,Tandrang Khola,तान्द्राङ खोला,85 45,84 48,28 1,28 0,6,2784 16
1435,Tange Khola,ताङगे खोला,83 59,83 55,29 0,29 2,9,2983 16A
1436,Tangharghiun Khola,ताङघरघ्यु खोला,83 56,83 58,28 50,28 50,5.5,2883 04
1437,Tangrang Khola,तङराङ खोला,84 47,84 47,28 0,27 59,2,2784 04A
1438,Tangtung Khola,ताङतुङ खोला,83 42,83 38,28 38,28 37,8.4,2883 07
1439,Tapaha Khola,तपहा खोला,83 24,83 22,27 34,-,8.35,2783 10B
1440,Taple Khola,ताप्ले खोला,84 19,84 20,28 8,28 7,0.75,2884 14C
1441,Tar Khola,टार खोला,84 19,84 17,27 56,27 57,5.1,2784 02A
1442,Tara Khola,तारा खोला,83 18,83 23,28 21,28 20,9,2883 10C
1443,Tara+Daram Khola,तारा+दरम खोला,83 23,83 26,28 20,28 15,12.9,2883 10D
1444,Tarang Khola,तराङ खोला,84 15,84 18,27 47,27 48,6.9,2784 02C
1445,Tardi Khola,टार्दी खोला,83 29,83 27,28 3,28 1,6.65,2883 14D
1446,Tare Khola,तारे खोला,82 57,82 58,28 22,28 20,4.2,2882 12D
1447,Tarimo Khola,तारीमो खोला,83 23,83 26,28 16,28 15,5.6,2883 10D
1448,Tarke Khola,तार्के खोला,84 9,84 18,28 5,28 7,2.3,2884 14C
1449,Tarken Khola,तर्केन खोला,83 56,83 58,28 44,28 44,5,2883 08
1450,Tata Khola,टाटा खोला,84 19,84 18,27 51,27 50,3.3,2784 02C
1451,Tatane Khola,टटने खोला,83 36,83 36,27 58,27 56,3.55,2783 03A
1452,Taththajyura Khola,टाथथाजिउरा खोला,83 53,83 55,29 15,29 14,4.7,2983 16A
1453,Tatopani Khola,तातो पानी खोला,85 8,85 5,28 19,28 15,11.3,2885 09
1454,Tatu Khola,ततु खोला,83 18,83 15,28 59,28 56,9.3,2883 02
1455,Taun Khola,टाउन खोला,84 6,84 7,27 3,27 2,3.2,2784 06A
1456,Tektan Khola,तेक्तान खोला,83 37,83 36,27 32,-,-,2783 11A
1457,Tekwa Khola,टेक्वा खोला,83 17,83 20,28 4,28 7,7.9,2883 14C
1458,Telar Nadi,तेलार नदी,83 18,83 17,27 34,27 27,18.9,2783 09B
1459,Thada Khola,ठाडा खोला,83 57,83 55,28 31,28 32,3.2,2883 08
1460,Thadakhani Khola,ठाडाखानी खोला,83 27,83 30,28 27,28 27,6.3,2883 10B
1461,Thade Khola,ठाडे खोला,84 20,8 18,28 14,28 13,4.2,2884 14A
1462,Thado Khola,ठाडो खोला,83 39,83 38,28 25,28 27,5.25,2883 11B
1463,Thak Khola,थाक खोला,84 4,84 5,28 19,28 17,4.8,2884 09C
1464,Thapa Khola,थापा खोला,83 37,83 39,28 45,28 42,7.9,2883 07
1465,Thari Khola,ठारी खोला,84 23,84 25,27 57,27 58,6,2784 02B
1466,Thasang Khola,थसाङ खोला,83 35,83 30,28 57,28 58,12.5,2883 03
1467,Theule Khola,ठेउले खोला,83 38,83 39,28 11,28 11,2.2,2883 15B
1468,Thini Khola,थिनी खोला,83 45,83 43,28 45,28 47,4.7,2883 03
1469,Thopal Khola,थोपल खोला,84 52,84 50,27 53,27 49,9.95,2784 04C
1470,Thorang Khola,थोरङ खोला,84 0,84 5,28 41,28 39,10.5,2884 05
1471,Thorong+Jhong Khola,थोरोङ+झोङ खोला,83 6,83 47,28 48,28 52,17.7,2883 04
1472,Thotani Khola,ठोटेनी खोला,8 29,84 29,2 8,28 8,1.9,2884 14B
1473,Thotne+Musaha Khola,ठोट्ने +मुसाहा खोला,83 50,83 53,28 1,28 2,7.35,2883 16C
1474,Thotneri Khola,ठोठनेरी खोला,84 53,84 51,28 8,28 8,2.6,2784 16
1475,Thuldhara Khola,तुलधारा खोला,-,-,-,-,2.5,2883 06
1476,Thulo Khahare +,ठूलो खहरे र,83 55,83 55,27 38,27 34,8.15,2783 08D
1477,Thulo Khola,ठूलो खोला,84 17,84 20,28 21,28 20,7,2884 10C
1478,Thulo+Bhadar Khola,ठलो+भडार खोला,83 31,83 30,28 11,28 10,2.75,2883 15A
1479,Thulo+Kalung+Theule Khola,ठलो+कालुङ+ठेउले खोला,83 32,83 37,28 10,28 11,11.2,2883 15A
1480,Thulung Khola,ठुलुङ खोला,83 51,83 56,29 11,29 5,16.5,2983 16A
1481,Thuse Khola,थुसे खोेला,83 23,83 25,27 53,27 54,4.9,2783 02D
1482,Tibuje Khola,तिबुजे खोला,83 45,83 46,28 27,28 25,2.8,2883 12A
1483,Tilar Nala,तिलार नाला,83 14,83 14,27 26,27 29,1.25,2783 09B
1484,Tilaurakot,तिलौराकोट,83 4,-,27 35,-,-,2783 05C
1485,Timur Khola,टिमुर खोला,84 38,84 38,27 56,27 57,2.4,2784 03B
1486,Timure Khola,टिमुरे खोला,84 31,84 32,28 7,28 6,3.1,2884 15C
1487,Tinau Khola,तिनाउ खोला,83 36,83 30,27 46,27 45,15.35,2783 07A
1488,Tinau River,तिनउ नदी,83 25,83 22,27 34,-,15.2,2783 10B
1489,Tinkholi Khola,तिनखोली खोला,83 6,83 59,28 27,28 26,4.3,2883 12B
1491,Tirija Khola,तिरिजा खोला,-,-,-,-,3.4,2883 06
1492,Tobang Khola,तोवाङ खोला,84 38,84 37,27 46,27 47,1.6,2784 03D
1493,Tom Khola,तोम खोला,84 49,84 48,28 35,28 32,8.2,2884 08
1494,Tora Khola,तोरा खोला,83 53,83 54,28 13,28 14,4.15,2883 16B
1495,Torje Khola,तोर्जे खोला,84 18,84 18,28 15,28 13,3.55,2884 14A
1496,Totne Khola,टोट्ने खोला,83 53,83 53,28 17,28 15,2.8,2883 12D
1497,Towa Khola,तोवा खोला,83 12,83 11,28 1,27 60,2.55,2783 01B
1498,Trinau Khola,त्रिनाउ खोला,83 37,83 33,27 49,27 48,11.7,2783 03C
1499,Trishuli Ganga Nadi,त्रिशुली गंगा नदी,85 15,85 11,28 6,28 0,14.1,2885 13
1500,Trishuli Nadi,त्रिशूली नदी,84 7,84 5,27 5,27 5,2.8,2784 06B
1501,Tudi Khola,तुदी खोला,84 51,84 50,27 45,27 47,5.15,2784 04C
1502,Tuhure Khola,टुुहुरे खोला,-,83 43,28 19,28 18,3.1,2883 11D
1503,Tulbuliya River,तुल्बुलीया नदी,83 20,83 20,27 41,27 38,8.45,2783 06A
1504,Tulsipur Khola,तुल्सीपुर खोला,82 45,82 45,27 47,27 49,3.35,2782 03D
1505,Tundi Khola,टँुदी खोला,83 36,83 35,28 4,28 2,3.75,2883 15C
1506,Tuni Khola,टुनिखोला,83 58,84 0,28 6,28 7,8.1,2883 16D
1507,Tupke Khola,टुप्के खोला,84 1,84 0,28 19,28 18,-,2884 09C
1508,Turiya River,तुरिया नदी,83 37,83 36,27 30,-,-,2783 11A
1509,Turrungdi Khola,तुुरुङदी खोला,83 51,83 52,27 50,27 53,7.8,2783 04C
1510,Udilung Khola,उदिलुङ खोला,84 56,84 57,28 30,28 28,4.5,2884 12
1511,Ulli Khola,उल्ली खोला,83 23,83 25,28 1,28 2,6.1,2883 14D
1512,Ulti Sota,उल्टी सोता,82 38,82 37,27 46,27 49,8.15,2782 03D
1513,Upallogaun,उपल्लो गाउँ,83 11,-,28 12,-,-,2883 13B
1514,Usora Khola,उसोरा खोला,84 34,84 31,28 11,28 11,4.2,2884 15A
1515,Uttar Ganga Khola,उत्तर गंगा खोला,83 12,83 8,28 30,28 30,7.75,2783 09B
1516,Uttar Ganga Nadi,उत्तर गंगा नदी,83 2,83 8,28 30,-,10.6,2883 09A
1517,Uttar Gangga Nadi,उत्तर गंगा नदी,83 2,83 0,28 30,28 30,3.9,2883 05
1518,Utter Ganga Nadi,उत्तर गंगा नदी,83 0,82 45,28 30,28 38,38.8,2882 08
1519,Utu Khola,उतु खोला,83 27,83 27,27 47,27 45,3.5,2783 06B
1520,Yak Khola,याक खोला,84 1,84 0,28 52,28 54,3.3,2884 01
1521,Yakchhu+Narsing Khola,याक्छु+नर्सिङ खोला,83 57,83 49,28 51,28 55,22.2,2883 04
1522,Yakchin Khola,याक्चिन खोला,83 25,83 22,28 58,28 56,7.4,2883 02
1523,Yaklu Khola,माक्लु खोला,83 25,83 27,28 59,29 0,4.2,2883 02
1524,Yamarto Khola,यर्मतो खोला,84 11,84 4,29 5,29 9,18.3,2984 13
1525,Yamdi Khola,याम्दी खोला,83 39,83 38,29 2,29 0,4.8,2983 15C
1526,Yamkan Khola,याम्काङ खोला,84 17,84 5,28 57,28 60,8.2,2884 01
1527,Yangdol Khola,याङडोल खोला,85 6,85 8,28 41,28 38,8.1,2785 05
1528,Yarsang Khola,थार्साङ खोला,84 12,84 6,29 15,29 12,11.7,2984 13
1529,Yaru Khola,यारु खोला,85 2,85 0,28 23,28 22,4.8,2885 09